Dir00000001;Das ist ein Ordner\name mit 	 ungültigen : Zeichen ?
Dir00000002;Das ist ein Ordner^name mit ` ungültigen ~ Zeichen * und der dann noch überaus lang ist und viele Zeichen enthält bis er dann irgend wann
Dir00000003;Van Teken Montage Van Teken Montage Van Teken Montage Van Teken Montage
Dir00000004;JanssenCilag JanssenCilag JanssenCilag JanssenCilag
Dir00000005;Zjing Oil ...
Dir00000006;V&D V&D V&D V&D
Dir00000007;Schering Schering Schering Schering
Dir00000008;Abbot Abbot Abbot Abbot
Dir00000009;Ibranas Ibranas Ibranas Ibranas
Dir00000010;Mong Services Mong Services Mong Services Mong Services
Dir00000011;VV Training VV Training VV Training VV Training
Dir00000012;Chekfree Chekfree Chekfree Chekfree
Dir00000013;Jet2Aero Jet2Aero Jet2Aero Jet2Aero
Dir00000014;Intuit Intuit Intuit Intuit
Dir00000015;Cybercash Cybercash Cybercash Cybercash
Dir00000016;Scholtes Vleeswaren Scholtes Vleeswaren Scholtes Vleeswaren Scholtes Vleeswaren
Dir00000017;KHMM Consultancy KHMM Consultancy KHMM Consultancy KHMM Consultancy
Dir00000018;KQR Systems KQR Systems KQR Systems KQR Systems
Dir00000019;Open Market Open Market Open Market Open Market
Dir00000020;Zaragoza Bank Zaragoza Bank Zaragoza Bank Zaragoza Bank
Dir00000021;Notalya Consultancy Notalya Consultancy Notalya Consultancy Notalya Consultancy
Dir00000022;Ethical Generics Ethical Generics Ethical Generics Ethical Generics
Dir00000023;MQ Systems MQ Systems MQ Systems MQ Systems
Dir00000024;Simopix Simopix Simopix Simopix
Dir00000025;Zjongo Aero Zjongo Aero Zjongo Aero Zjongo Aero
Dir00000026;CanadaAir CanadaAir CanadaAir CanadaAir
Dir00000027;GoldPoint GoldPoint GoldPoint GoldPoint
Dir00000028;CUC International CUC International CUC International CUC International
Dir00000029;NorthGo Deuren NorthGo Deuren NorthGo Deuren NorthGo Deuren
Dir00000030;Spectradat Spectradat Spectradat Spectradat
Dir00000031;Broadband Technologies Broadband Technologies Broadband Technologies Broadband Technologies
Dir00000032;Yahoo Yahoo Yahoo Yahoo
Dir00000033;SilverData SilverData SilverData SilverData
Dir00000034;Van Ooyen Taxi Van Ooyen Taxi Van Ooyen Taxi Van Ooyen Taxi
Dir00000035;Branox Branox Branox Branox
Dir00000036;Verity Verity Verity Verity
Dir00000037;Jet2Air Jet2Air Jet2Air Jet2Air
Dir00000038;Symantec Symantec Symantec Symantec
Dir00000039;DSM DSM DSM DSM
Dir00000040;Les Chanterel Les Chanterel Les Chanterel Les Chanterel
Dir00000041;Roghuis Consultancy Roghuis Consultancy Roghuis Consultancy Roghuis Consultancy
Dir00000042;U.S. Robotics U.S. Robotics U.S. Robotics U.S. Robotics
Dir00000043;Poolta Poolta Poolta Poolta
Dir00000044;Trinity Trinity Trinity Trinity
Dir00000045;NGR Bank NGR Bank NGR Bank NGR Bank
Dir00000046;HZ Group HZ Group HZ Group HZ Group
Dir00000047;Smith Kline&French Smith Kline&French Smith Kline&French Smith Kline&French
Dir00000048;Van Tonnelke Advies Van Tonnelke Advies Van Tonnelke Advies Van Tonnelke Advies
Dir00000049;HV Montage HV Montage HV Montage HV Montage
Dir00000050;EduData EduData EduData EduData
Dir00000051;Van Ooyen Taxi Van Ooyen Taxi Van Ooyen Taxi Van Ooyen Taxi
Dir00000052;Grolsch Grolsch Grolsch Grolsch
Dir00000053;OrangeConsult OrangeConsult OrangeConsult OrangeConsult
Dir00000054;BlackConsult BlackConsult BlackConsult BlackConsult
Dir00000055;Open Market Open Market Open Market Open Market
Dir00000056;Ulinca Computers Ulinca Computers Ulinca Computers Ulinca Computers
Dir00000057;Firefox Communications Firefox Communications Firefox Communications Firefox Communications
Dir00000058;MW Technics MW Technics MW Technics MW Technics
Dir00000059;TenData TenData TenData TenData
Dir00000060;Raptor Systems Raptor Systems Raptor Systems Raptor Systems
Dir00000061;HV Montage HV Montage HV Montage HV Montage
Dir00000062;Ethical Generics Ethical Generics Ethical Generics Ethical Generics
Dir00000063;Storks & Partners Storks & Partners Storks & Partners Storks & Partners
Dir00000064;Njongy Stores Njongy Stores Njongy Stores Njongy Stores
Dir00000065;MerckSharp&Dohme MerckSharp&Dohme MerckSharp&Dohme MerckSharp&Dohme
Dir00000066;Storks & Partners Storks & Partners Storks & Partners Storks & Partners
Dir00000067;7-Eleven 7-Eleven 7-Eleven 7-Eleven
Dir00000068;Boehringer Ingelheim Boehringer Ingelheim Boehringer Ingelheim Boehringer Ingelheim
Dir00000069;BeterBed BeterBed BeterBed BeterBed
Dir00000070;Nongy Informatics Nongy Informatics Nongy Informatics Nongy Informatics
Dir00000071;Grant and Sharpe Ltd Grant and Sharpe Ltd Grant and Sharpe Ltd Grant and Sharpe Ltd
Dir00000072;Microsoft Microsoft Microsoft Microsoft
Dir00000073;Dataware Technologies Dataware Technologies Dataware Technologies Dataware Technologies
Dir00000074;Beecham Beecham Beecham Beecham
Dir00000075;Gandalf Technologies Gandalf Technologies Gandalf Technologies Gandalf Technologies
Dir00000076;Warner Lambert Warner Lambert Warner Lambert Warner Lambert
Dir00000077;Sparta Cycle Sparta Cycle Sparta Cycle Sparta Cycle
Dir00000078;Ulana Computers Ulana Computers Ulana Computers Ulana Computers
Dir00000079;LNC Works LNC Works LNC Works LNC Works
Dir00000080;Lycos Lycos Lycos Lycos
Dir00000081;Eelan Tech Eelan Tech Eelan Tech Eelan Tech
Dir00000082;Excite Excite Excite Excite
Dir00000083;RRW Finance RRW Finance RRW Finance RRW Finance
Dir00000084;M.A.I.D. PLC M.A.I.D. PLC M.A.I.D. PLC M.A.I.D. PLC
Dir00000085;Abbot Abbot Abbot Abbot
Dir00000086;Hessersmitt Hessersmitt Hessersmitt Hessersmitt
Dir00000087;EXP Technics EXP Technics EXP Technics EXP Technics
Dir00000088;Brinix Brinix Brinix Brinix
Dir00000089;WhiteStone WhiteStone WhiteStone WhiteStone
Dir00000090;Sapanda.com Sapanda.com Sapanda.com Sapanda.com
Dir00000091;Free Record Shop Free Record Shop Free Record Shop Free Record Shop
Dir00000092;Squibb Squibb Squibb Squibb
Dir00000093;LTX Communications LTX Communications LTX Communications LTX Communications
Dir00000094;Udasa Computers Udasa Computers Udasa Computers Udasa Computers
Dir00000095;Zotonix Zotonix Zotonix Zotonix
Dir00000096;Van Dijk Bouw Van Dijk Bouw Van Dijk Bouw Van Dijk Bouw
Dir00000097;BBDesign BBDesign BBDesign BBDesign
Dir00000098;Free Record Shop Free Record Shop Free Record Shop Free Record Shop
Dir00000099;Satimo Satimo Satimo Satimo
Dir00000100;TATA Group TATA Group TATA Group TATA Group
Dir00000101;Cisco Systems Cisco Systems Cisco Systems Cisco Systems
Dir00000102;MerckSharp&Dohme MerckSharp&Dohme MerckSharp&Dohme MerckSharp&Dohme
Dir00000103;Verity Verity Verity Verity
Dir00000104;Heineken Heineken Heineken Heineken
Dir00000105;Van Tonen Bouw Van Tonen Bouw Van Tonen Bouw Van Tonen Bouw
Dir00000106;Rabobank Rabobank Rabobank Rabobank
Dir00000107;Bern Bank Bern Bank Bern Bank Bern Bank
Dir00000108;GoldSystems GoldSystems GoldSystems GoldSystems
Dir00000109;Appsolute Appsolute Appsolute Appsolute
Dir00000110;HX Communications HX Communications HX Communications HX Communications
Dir00000111;TATA Group TATA Group TATA Group TATA Group
Dir00000112;Fardinko Fardinko Fardinko Fardinko
Dir00000113;BetterOffice BetterOffice BetterOffice BetterOffice
Dir00000114;WecloComputers WecloComputers WecloComputers WecloComputers
Dir00000115;Infoseek Infoseek Infoseek Infoseek
Dir00000116;Kovotna Consultants Kovotna Consultants Kovotna Consultants Kovotna Consultants
Dir00000117;Cnet Cnet Cnet Cnet
Dir00000118;Fardinko Fardinko Fardinko Fardinko
Dir00000119;Philips Philips Philips Philips
Dir00000120;Creative Tech Creative Tech Creative Tech Creative Tech
Dir00000121;Morgan Stanley Morgan Stanley Morgan Stanley Morgan Stanley
Dir00000122;CUC International CUC International CUC International CUC International
Dir00000123;Johnson & Johnson Johnson & Johnson Johnson & Johnson Johnson & Johnson
Dir00000124;Lycos Lycos Lycos Lycos
Dir00000125;MONY MONY MONY MONY
Dir00000126;Bencard Bencard Bencard Bencard
Dir00000127;LZ Transport LZ Transport LZ Transport LZ Transport
Dir00000128;GreatSystems ltd GreatSystems ltd GreatSystems ltd GreatSystems ltd
Dir00000129;Itica Transport Itica Transport Itica Transport Itica Transport
Dir00000130;Dacia Dacia Dacia Dacia
Dir00000131;Lederle Lederle Lederle Lederle
Dir00000132;Winner Architecture Winner Architecture Winner Architecture Winner Architecture
Dir00000133;BCC BCC BCC BCC
Dir00000134;IBM IBM IBM IBM
Dir00000135;EMI Music EMI Music EMI Music EMI Music
Dir00000136;Board Systems gmbh Board Systems gmbh Board Systems gmbh Board Systems gmbh
Dir00000137;Astra Astra Astra Astra
Dir00000138;Camelot Camelot Camelot Camelot
Dir00000139;Wehkamp BV Wehkamp BV Wehkamp BV Wehkamp BV
Dir00000140;Yahoo Yahoo Yahoo Yahoo
Dir00000141;M.A.I.D. PLC M.A.I.D. PLC M.A.I.D. PLC M.A.I.D. PLC
Dir00000142;BCC BCC BCC BCC
Dir00000143;U.S. Robotics U.S. Robotics U.S. Robotics U.S. Robotics
Dir00000144;Secure Computing Secure Computing Secure Computing Secure Computing
Dir00000145;United States Postal Service United States Postal Service United States Postal Service United States Postal Service
Dir00000146;HV Montage HV Montage HV Montage HV Montage
Dir00000147;AtlantaAero AtlantaAero AtlantaAero AtlantaAero
Dir00000148;Zeneca Zeneca Zeneca Zeneca
Dir00000149;HB Finance HB Finance HB Finance HB Finance
Dir00000150;Pepsi Pepsi Pepsi Pepsi
Dir00000151;Satimos Satimos Satimos Satimos
Dir00000152;V&D V&D V&D V&D
Dir00000153;Capra and Carey Data Capra and Carey Data Capra and Carey Data Capra and Carey Data
Dir00000154;NorthGo Deuren NorthGo Deuren NorthGo Deuren NorthGo Deuren
Dir00000155;MetLife MetLife MetLife MetLife
Dir00000156;Bank Labouchere Bank Labouchere Bank Labouchere Bank Labouchere
Dir00000157;KRG Technics KRG Technics KRG Technics KRG Technics
Dir00000158;KPKL Transport KPKL Transport KPKL Transport KPKL Transport
Dir00000159;KPTR Solutions KPTR Solutions KPTR Solutions KPTR Solutions
Dir00000160;Leo Leo Leo Leo
Dir00000161;Robeco Robeco Robeco Robeco
Dir00000162;Riomme Bank Riomme Bank Riomme Bank Riomme Bank
Dir00000163;PhoenixAero PhoenixAero PhoenixAero PhoenixAero
Dir00000164;Citigroup Citigroup Citigroup Citigroup
Dir00000165;Pepsi Pepsi Pepsi Pepsi
Dir00000166;WellPoint WellPoint WellPoint WellPoint
Dir00000167;Trinity Trinity Trinity Trinity
Dir00000168;WellPoint WellPoint WellPoint WellPoint
Dir00000169;Macromedia Macromedia Macromedia Macromedia
Dir00000170;Gandalf Technologies Gandalf Technologies Gandalf Technologies Gandalf Technologies
Dir00000171;BMW BMW BMW BMW
Dir00000172;Ahold Ahold Ahold Ahold
Dir00000173;Ylena Consultancy Ylena Consultancy Ylena Consultancy Ylena Consultancy
Dir00000174;Wehkamp BV Wehkamp BV Wehkamp BV Wehkamp BV
Dir00000175;Spencer and Hope Services Spencer and Hope Services Spencer and Hope Services Spencer and Hope Services
Dir00000176;Open Market Open Market Open Market Open Market
Dir00000177;OnlineWorx corp OnlineWorx corp OnlineWorx corp OnlineWorx corp
Dir00000178;GreenSoftware GreenSoftware GreenSoftware GreenSoftware
Dir00000179;Global Village Communication Global Village Communication Global Village Communication Global Village Communication
Dir00000180;Mlaha Karpa Mlaha Karpa Mlaha Karpa Mlaha Karpa
Dir00000181;Netscape Communications Netscape Communications Netscape Communications Netscape Communications
Dir00000182;Heraut Solutions Heraut Solutions Heraut Solutions Heraut Solutions
Dir00000183;FTP Software FTP Software FTP Software FTP Software
Dir00000184;BristolMyers BristolMyers BristolMyers BristolMyers
Dir00000185;United States Postal Service United States Postal Service United States Postal Service United States Postal Service
Dir00000186;Hill Works co Hill Works co Hill Works co Hill Works co
Dir00000187;OrangeStone OrangeStone OrangeStone OrangeStone
Dir00000188;Mong Phones Mong Phones Mong Phones Mong Phones
Dir00000189;Etapa Consultancy Etapa Consultancy Etapa Consultancy Etapa Consultancy
Dir00000190;TDK TDK TDK TDK
Dir00000191;Van Dijk Boeken Van Dijk Boeken Van Dijk Boeken Van Dijk Boeken
Dir00000192;Lycos Lycos Lycos Lycos
Dir00000193;YNS Consult YNS Consult YNS Consult YNS Consult
Dir00000194;Casco Casco Casco Casco
Dir00000195;ShopAndGo ShopAndGo ShopAndGo ShopAndGo
Dir00000196;Udasa Tech Udasa Tech Udasa Tech Udasa Tech
Dir00000197;Ethical Generics Ethical Generics Ethical Generics Ethical Generics
Dir00000198;Kovotna Consultants Kovotna Consultants Kovotna Consultants Kovotna Consultants
Dir00000199;Netcom On-Line Communications Services Netcom On-Line Communications Services Netcom On-Line Communications Services Netcom On-Line Communications Services
Dir00000200;Scholtes Vleeswaren Scholtes Vleeswaren Scholtes Vleeswaren Scholtes Vleeswaren
Dir00000201;Nokia Nokia Nokia Nokia
Dir00000202;SunRiver SunRiver SunRiver SunRiver
Dir00000203;Triple Solutions Triple Solutions Triple Solutions Triple Solutions
Dir00000204;YW Group YW Group YW Group YW Group
Dir00000205;Oracle Corp. Oracle Corp. Oracle Corp. Oracle Corp.
Dir00000206;Riomme Bank Riomme Bank Riomme Bank Riomme Bank
Dir00000207;CMG Information Services CMG Information Services CMG Information Services CMG Information Services
Dir00000208;TRMC Payment Systems TRMC Payment Systems TRMC Payment Systems TRMC Payment Systems
Dir00000209;Ylana Systems Ylana Systems Ylana Systems Ylana Systems
Dir00000210;WellPoint WellPoint WellPoint WellPoint
Dir00000211;Heineken Heineken Heineken Heineken
Dir00000212;Casba Casba Casba Casba
Dir00000213;SwedenAero SwedenAero SwedenAero SwedenAero
Dir00000214;Mio Consult Mio Consult Mio Consult Mio Consult
Dir00000215;OCE OCE OCE OCE
Dir00000216;Djing International Djing International Djing International Djing International
Dir00000217;Weber Koeltechniek Weber Koeltechniek Weber Koeltechniek Weber Koeltechniek
Dir00000218;Leski Meubelen Leski Meubelen Leski Meubelen Leski Meubelen
Dir00000219;Ning Informatics Ning Informatics Ning Informatics Ning Informatics
Dir00000220;Mongy Aero Mongy Aero Mongy Aero Mongy Aero
Dir00000221;Super Confex Super Confex Super Confex Super Confex
Dir00000222;FFDesign FFDesign FFDesign FFDesign
Dir00000223;Djong Food Djong Food Djong Food Djong Food
Dir00000224;ERDS Finance ERDS Finance ERDS Finance ERDS Finance
Dir00000225;CEAM Systems co CEAM Systems co CEAM Systems co CEAM Systems co
Dir00000226;Inbox Solutions Inbox Solutions Inbox Solutions Inbox Solutions
Dir00000227;BrownSoft BrownSoft BrownSoft BrownSoft
Dir00000228;Endemol Endemol Endemol Endemol
Dir00000229;YW Group YW Group YW Group YW Group
Dir00000230;Dataware Technologies Dataware Technologies Dataware Technologies Dataware Technologies
Dir00000231;Yloncor Tech Yloncor Tech Yloncor Tech Yloncor Tech
Dir00000232;Cybercash Cybercash Cybercash Cybercash
Dir00000233;Cybercash Cybercash Cybercash Cybercash
Dir00000234;SwissAir SwissAir SwissAir SwissAir
Dir00000235;Spyglass Spyglass Spyglass Spyglass
Dir00000236;Endemol Endemol Endemol Endemol
Dir00000237;Achat Achat Achat Achat
Dir00000238;Petronas Petronas Petronas Petronas
Dir00000239;WhitePoint WhitePoint WhitePoint WhitePoint
Dir00000240;Serono Serono Serono Serono
Dir00000241;Akwalampa Uniel Akwalampa Uniel Akwalampa Uniel Akwalampa Uniel
Dir00000242;SmithKline Beecham SmithKline Beecham SmithKline Beecham SmithKline Beecham
Dir00000243;Citigroup Citigroup Citigroup Citigroup
Dir00000244;CanadaAero CanadaAero CanadaAero CanadaAero
Dir00000245;Vardisio Vardisio Vardisio Vardisio
Dir00000246;PhoenixAero PhoenixAero PhoenixAero PhoenixAero
Dir00000247;Roghuis Consultancy Roghuis Consultancy Roghuis Consultancy Roghuis Consultancy
Dir00000248;Netscape Communications Netscape Communications Netscape Communications Netscape Communications
Dir00000249;Check Point Software Technologies Check Point Software Technologies Check Point Software Technologies Check Point Software Technologies
Dir00000250;Casco Casco Casco Casco
Dir00000251;KWIP Bank KWIP Bank KWIP Bank KWIP Bank
Dir00000252;KZ Cooling KZ Cooling KZ Cooling KZ Cooling
Dir00000253;Capra and Merck Data Solutions Capra and Merck Data Solutions Capra and Merck Data Solutions Capra and Merck Data Solutions
Dir00000254;Sanofi Sanofi Sanofi Sanofi
Dir00000255;Mecklermedia Corp. Mecklermedia Corp. Mecklermedia Corp. Mecklermedia Corp.
Dir00000256;Quarterdeck Quarterdeck Quarterdeck Quarterdeck
Dir00000257;Scholtes Vleeswaren Scholtes Vleeswaren Scholtes Vleeswaren Scholtes Vleeswaren
Dir00000258;IMAX IMAX IMAX IMAX
Dir00000259;SoftQuad International SoftQuad International SoftQuad International SoftQuad International
Dir00000260;Niops Software Niops Software Niops Software Niops Software
Dir00000261;Storks & Partners Storks & Partners Storks & Partners Storks & Partners
Dir00000262;Cnet Cnet Cnet Cnet
Dir00000263;Marks and Rogers Training Marks and Rogers Training Marks and Rogers Training Marks and Rogers Training
Dir00000264;Open Market Open Market Open Market Open Market
Dir00000265;United States Postal Service United States Postal Service United States Postal Service United States Postal Service
Dir00000266;Storks & Partners Storks & Partners Storks & Partners Storks & Partners
Dir00000267;Heineken Heineken Heineken Heineken
Dir00000268;Spectradat Spectradat Spectradat Spectradat
Dir00000269;Martinair Martinair Martinair Martinair
Dir00000270;Squibb Squibb Squibb Squibb
Dir00000271;Meinders Meubelen Meinders Meubelen Meinders Meubelen Meinders Meubelen
Dir00000272;Djong Stores Djong Stores Djong Stores Djong Stores
Dir00000273;U.S. Robotics U.S. Robotics U.S. Robotics U.S. Robotics
Dir00000274;Van Dijk Boeken Van Dijk Boeken Van Dijk Boeken Van Dijk Boeken
Dir00000275;Eelonco Tech Eelonco Tech Eelonco Tech Eelonco Tech
Dir00000276;BASE BASE BASE BASE
Dir00000277;Eetapa Communications Eetapa Communications Eetapa Communications Eetapa Communications
Dir00000278;Verity Verity Verity Verity
Dir00000279;NorthGo Deuren NorthGo Deuren NorthGo Deuren NorthGo Deuren
Dir00000280;KNG Cooling KNG Cooling KNG Cooling KNG Cooling
Dir00000281;Imtech Imtech Imtech Imtech
Dir00000282;ESR Cooling ESR Cooling ESR Cooling ESR Cooling
Dir00000283;Djong Media Djong Media Djong Media Djong Media
Dir00000284;SilverSystems SilverSystems SilverSystems SilverSystems
Dir00000285;BrownPoint BrownPoint BrownPoint BrownPoint
Dir00000286;Weber Koeltechniek Weber Koeltechniek Weber Koeltechniek Weber Koeltechniek
Dir00000287;Nokia Nokia Nokia Nokia
Dir00000288;Atopo Communications Atopo Communications Atopo Communications Atopo Communications
Dir00000289;The Datanamic Group BV The Datanamic Group BV The Datanamic Group BV The Datanamic Group BV
Dir00000290;BigWorx corp BigWorx corp BigWorx corp BigWorx corp
Dir00000291;KR Works KR Works KR Works KR Works
Dir00000292;Geigy Geigy Geigy Geigy
Dir00000293;Casba Casba Casba Casba
Dir00000294;LTX Data LTX Data LTX Data LTX Data
Dir00000295;Beecham Beecham Beecham Beecham
Dir00000296;EuroWorx bv EuroWorx bv EuroWorx bv EuroWorx bv
Dir00000297;NorthGo Deuren NorthGo Deuren NorthGo Deuren NorthGo Deuren
Dir00000298;Eloncor Communications Eloncor Communications Eloncor Communications Eloncor Communications
Dir00000299;Saemto Bank Saemto Bank Saemto Bank Saemto Bank
Dir00000300;The Datanamic Group BV The Datanamic Group BV The Datanamic Group BV The Datanamic Group BV
Dir00000301;Russell and Grant IT Solutions Russell and Grant IT Solutions Russell and Grant IT Solutions Russell and Grant IT Solutions
Dir00000302;LBC Works LBC Works LBC Works LBC Works
Dir00000303;Casco Casco Casco Casco
Dir00000304;SunRiver SunRiver SunRiver SunRiver
Dir00000305;RN Consult RN Consult RN Consult RN Consult
Dir00000306;Bank Labouchere Bank Labouchere Bank Labouchere Bank Labouchere
Dir00000307;Fardinko Fardinko Fardinko Fardinko
Dir00000308;OrangeData OrangeData OrangeData OrangeData
Dir00000309;Njongy Steel Njongy Steel Njongy Steel Njongy Steel
Dir00000310;NorthGo Deuren NorthGo Deuren NorthGo Deuren NorthGo Deuren
Dir00000311;Brimos Brimos Brimos Brimos
Dir00000312;Imtech Imtech Imtech Imtech
Dir00000313;Croca Croca Croca Croca
Dir00000314;Global Village Communication Global Village Communication Global Village Communication Global Village Communication
Dir00000315;Netscape Communications Netscape Communications Netscape Communications Netscape Communications
Dir00000316;GreenSoftware GreenSoftware GreenSoftware GreenSoftware
Dir00000317;Datanamic Solutions BV Datanamic Solutions BV Datanamic Solutions BV Datanamic Solutions BV
Dir00000318;Secure Computing Secure Computing Secure Computing Secure Computing
Dir00000319;CUC International CUC International CUC International CUC International
Dir00000320;Rabobank Rabobank Rabobank Rabobank
Dir00000321;Akwalampa Uniel Akwalampa Uniel Akwalampa Uniel Akwalampa Uniel
Dir00000322;TRTR Solutions TRTR Solutions TRTR Solutions TRTR Solutions
Dir00000323;HKKG Technics HKKG Technics HKKG Technics HKKG Technics
Dir00000324;KT Bank KT Bank KT Bank KT Bank
Dir00000325;Meinders Meubelen Meinders Meubelen Meinders Meubelen Meinders Meubelen
Dir00000326;NorthGo Deuren NorthGo Deuren NorthGo Deuren NorthGo Deuren
Dir00000327;Serono Serono Serono Serono
Dir00000328;Scholtes Vleeswaren Scholtes Vleeswaren Scholtes Vleeswaren Scholtes Vleeswaren
Dir00000329;IBM IBM IBM IBM
Dir00000330;EuroWorks EuroWorks EuroWorks EuroWorks
Dir00000331;Cybercash Cybercash Cybercash Cybercash
Dir00000332;TATA Group TATA Group TATA Group TATA Group
Dir00000333;Vardisio Vardisio Vardisio Vardisio
Dir00000334;Getronics Getronics Getronics Getronics
Dir00000335;Hassefras BV Hassefras BV Hassefras BV Hassefras BV
Dir00000336;Djongo Djongo Djongo Djongo
Dir00000337;FFConsult FFConsult FFConsult FFConsult
Dir00000338;Check Point Software Technologies Check Point Software Technologies Check Point Software Technologies Check Point Software Technologies
Dir00000339;Yahoo Yahoo Yahoo Yahoo
Dir00000340;JetAero JetAero JetAero JetAero
Dir00000341;AK Group AK Group AK Group AK Group
Dir00000342;Lisboa Bank Lisboa Bank Lisboa Bank Lisboa Bank
Dir00000343;V&D V&D V&D V&D
Dir00000344;Cage Worx ltd Cage Worx ltd Cage Worx ltd Cage Worx ltd
Dir00000345;Carey and Lennon Training Carey and Lennon Training Carey and Lennon Training Carey and Lennon Training
Dir00000346;Peugeot Peugeot Peugeot Peugeot
Dir00000347;Nokia Nokia Nokia Nokia
Dir00000348;Monterry Bank Monterry Bank Monterry Bank Monterry Bank
Dir00000349;Djingy Informatics Djingy Informatics Djingy Informatics Djingy Informatics
Dir00000350;Heraut Solutions BV Heraut Solutions BV Heraut Solutions BV Heraut Solutions BV
Dir00000351;Canon Canon Canon Canon
Dir00000352;Atalanka Atalanka Atalanka Atalanka
Dir00000353;Van Dijk Boeken Van Dijk Boeken Van Dijk Boeken Van Dijk Boeken
Dir00000354;GreatWorks co GreatWorks co GreatWorks co GreatWorks co
Dir00000355;Euroderma Euroderma Euroderma Euroderma
Dir00000356;Van Beek Taxi Van Beek Taxi Van Beek Taxi Van Beek Taxi
Dir00000357;DallasAero DallasAero DallasAero DallasAero
Dir00000358;Edify Edify Edify Edify
Dir00000359;Dotser Dotser Dotser Dotser
Dir00000360;Schering Schering Schering Schering
Dir00000361;Njongy International Njongy International Njongy International Njongy International
Dir00000362;NUTR Solutions NUTR Solutions NUTR Solutions NUTR Solutions
Dir00000363;Sparta Cycle Sparta Cycle Sparta Cycle Sparta Cycle
Dir00000364;Weber Koeltechniek BV Weber Koeltechniek BV Weber Koeltechniek BV Weber Koeltechniek BV
Dir00000365;Brierman Consultancy Brierman Consultancy Brierman Consultancy Brierman Consultancy
Dir00000366;FIAT FIAT FIAT FIAT
Dir00000367;Bern Bank Bern Bank Bern Bank Bern Bank
Dir00000368;Van Winden Adviseurs Van Winden Adviseurs Van Winden Adviseurs Van Winden Adviseurs
Dir00000369;C&A C&A C&A C&A
Dir00000370;AK Group AK Group AK Group AK Group
Dir00000371;Fardinko Fardinko Fardinko Fardinko
Dir00000372;Open Text Open Text Open Text Open Text
Dir00000373;Interbew Interbew Interbew Interbew
Dir00000374;Silicon Graphics Silicon Graphics Silicon Graphics Silicon Graphics
Dir00000375;Infoseek Infoseek Infoseek Infoseek
Dir00000376;Van Teken Montage Van Teken Montage Van Teken Montage Van Teken Montage
Dir00000377;Brasserie De Meiden Brasserie De Meiden Brasserie De Meiden Brasserie De Meiden
Dir00000378;RV Tech RV Tech RV Tech RV Tech
Dir00000379;Premenos Technology Premenos Technology Premenos Technology Premenos Technology
Dir00000380;Djong Services Djong Services Djong Services Djong Services
Dir00000381;URP Finance URP Finance URP Finance URP Finance
Dir00000382;Milan Bank Milan Bank Milan Bank Milan Bank
Dir00000383;DAF Trucks DAF Trucks DAF Trucks DAF Trucks
Dir00000384;Edify Edify Edify Edify
Dir00000385;HGNG Software HGNG Software HGNG Software HGNG Software
Dir00000386;Monterry Bank Monterry Bank Monterry Bank Monterry Bank
Dir00000387;Euroderma Euroderma Euroderma Euroderma
Dir00000388;Renault Renault Renault Renault
Dir00000389;Seven Days Center Seven Days Center Seven Days Center Seven Days Center
Dir00000390;Mlaha Karpa Mlaha Karpa Mlaha Karpa Mlaha Karpa
Dir00000391;Roussel Roussel Roussel Roussel
Dir00000392;Ascend Communications Ascend Communications Ascend Communications Ascend Communications
Dir00000393;Neerdam Installaties Neerdam Installaties Neerdam Installaties Neerdam Installaties
Dir00000394;Macromedia Macromedia Macromedia Macromedia
Dir00000395;WATR Communications WATR Communications WATR Communications WATR Communications
Dir00000396;Niops Software Niops Software Niops Software Niops Software
Dir00000397;RWIC Shoes RWIC Shoes RWIC Shoes RWIC Shoes
Dir00000398;Robot Decora Robot Decora Robot Decora Robot Decora
Dir00000399;Mecklermedia Corp. Mecklermedia Corp. Mecklermedia Corp. Mecklermedia Corp.
Dir00000400;Wang Computers Wang Computers Wang Computers Wang Computers
Dir00000401;Van Vliesman Consult Van Vliesman Consult Van Vliesman Consult Van Vliesman Consult
Dir00000402;Ulanco Tech Ulanco Tech Ulanco Tech Ulanco Tech
Dir00000403;3Com 3Com 3Com 3Com
Dir00000404;Premenos Technology Premenos Technology Premenos Technology Premenos Technology
Dir00000405;NIBC Bank NIBC Bank NIBC Bank NIBC Bank
Dir00000406;Credit Suisse Credit Suisse Credit Suisse Credit Suisse
Dir00000407;Global Village Communication Global Village Communication Global Village Communication Global Village Communication
Dir00000408;Bank Labouchere Bank Labouchere Bank Labouchere Bank Labouchere
Dir00000409;Telefonica Telefonica Telefonica Telefonica
Dir00000410;JanssenCilag JanssenCilag JanssenCilag JanssenCilag
Dir00000411;Raptor Systems Raptor Systems Raptor Systems Raptor Systems
Dir00000412;Pepsi Pepsi Pepsi Pepsi
Dir00000413;Margriet Margriet Margriet Margriet
Dir00000414;Mio Design Mio Design Mio Design Mio Design
Dir00000415;Cap Gemini Cap Gemini Cap Gemini Cap Gemini
Dir00000416;HV Montage HV Montage HV Montage HV Montage
Dir00000417;Camelot Camelot Camelot Camelot
Dir00000418;NN Design NN Design NN Design NN Design
Dir00000419;Macromedia Macromedia Macromedia Macromedia
Dir00000420;MONY MONY MONY MONY
Dir00000421;Dataware Technologies Dataware Technologies Dataware Technologies Dataware Technologies
Dir00000422;Morgan Stanley Morgan Stanley Morgan Stanley Morgan Stanley
Dir00000423;Unisol Paneel BV Unisol Paneel BV Unisol Paneel BV Unisol Paneel BV
Dir00000424;Hoechst Hoechst Hoechst Hoechst
Dir00000425;Mingy Steel Mingy Steel Mingy Steel Mingy Steel
Dir00000426;Alena Systems Alena Systems Alena Systems Alena Systems
Dir00000427;Spectradat Spectradat Spectradat Spectradat
Dir00000428;Devote Informatics Devote Informatics Devote Informatics Devote Informatics
Dir00000429;Devote Informatics Devote Informatics Devote Informatics Devote Informatics
Dir00000430;Goldman Sachs Goldman Sachs Goldman Sachs Goldman Sachs
Dir00000431;Oracle Corp. Oracle Corp. Oracle Corp. Oracle Corp.
Dir00000432;Lycos Lycos Lycos Lycos
Dir00000433;Pepsi Pepsi Pepsi Pepsi
Dir00000434;FlyCheapAir FlyCheapAir FlyCheapAir FlyCheapAir
Dir00000435;Open Text Open Text Open Text Open Text
Dir00000436;HJ Media HJ Media HJ Media HJ Media
Dir00000437;MioComputers MioComputers MioComputers MioComputers
Dir00000438;Scholtes Vleeswaren Scholtes Vleeswaren Scholtes Vleeswaren Scholtes Vleeswaren
Dir00000439;WinnerComputers WinnerComputers WinnerComputers WinnerComputers
Dir00000440;NovoNordisk NovoNordisk NovoNordisk NovoNordisk
Dir00000441;Chekfree Chekfree Chekfree Chekfree
Dir00000442;MySQL AB MySQL AB MySQL AB MySQL AB
Dir00000443;Mecklermedia Corp. Mecklermedia Corp. Mecklermedia Corp. Mecklermedia Corp.
Dir00000444;YZG Consult YZG Consult YZG Consult YZG Consult
Dir00000445;AK Group AK Group AK Group AK Group
Dir00000446;Mlaha Karpa Mlaha Karpa Mlaha Karpa Mlaha Karpa
Dir00000447;Ybena Communications Ybena Communications Ybena Communications Ybena Communications
Dir00000448;Van Boemel Montage Van Boemel Montage Van Boemel Montage Van Boemel Montage
Dir00000449;Batavus Batavus Batavus Batavus
Dir00000450;NBBS Bank NBBS Bank NBBS Bank NBBS Bank
Dir00000451;Pepp Pepp Pepp Pepp
Dir00000452;BB Design BB Design BB Design BB Design
Dir00000453;Bolt Bretanek & Newman Bolt Bretanek & Newman Bolt Bretanek & Newman Bolt Bretanek & Newman
Dir00000454;Grolsch Grolsch Grolsch Grolsch
Dir00000455;Capra and Lennon IT Services Capra and Lennon IT Services Capra and Lennon IT Services Capra and Lennon IT Services
Dir00000456;Karwei Bouwmarkt Karwei Bouwmarkt Karwei Bouwmarkt Karwei Bouwmarkt
Dir00000457;TimesServices TimesServices TimesServices TimesServices
Dir00000458;Sherico Consultancy Sherico Consultancy Sherico Consultancy Sherico Consultancy
Dir00000459;Dotser Dotser Dotser Dotser
Dir00000460;Casba Casba Casba Casba
Dir00000461;Nongy Food Nongy Food Nongy Food Nongy Food
Dir00000462;Cruise Worx bv Cruise Worx bv Cruise Worx bv Cruise Worx bv
Dir00000463;Global Village Communication Global Village Communication Global Village Communication Global Village Communication
Dir00000464;Mlaha Karpa Mlaha Karpa Mlaha Karpa Mlaha Karpa
Dir00000465;BristolMyers Squibb BristolMyers Squibb BristolMyers Squibb BristolMyers Squibb
Dir00000466;ParkeDavis ParkeDavis ParkeDavis ParkeDavis
Dir00000467;BASE BASE BASE BASE
Dir00000468;BMW BMW BMW BMW
Dir00000469;Blata Blata Blata Blata
Dir00000470;Weber Koeltechniek Weber Koeltechniek Weber Koeltechniek Weber Koeltechniek
Dir00000471;ReComputers ReComputers ReComputers ReComputers
Dir00000472;Postbank Nederland Postbank Nederland Postbank Nederland Postbank Nederland
Dir00000473;MetLife MetLife MetLife MetLife
Dir00000474;Van Waal Beveiliging Van Waal Beveiliging Van Waal Beveiliging Van Waal Beveiliging
Dir00000475;Macromedia Macromedia Macromedia Macromedia
Dir00000476;Hill Systems ltd Hill Systems ltd Hill Systems ltd Hill Systems ltd
Dir00000477;Milford Bank Milford Bank Milford Bank Milford Bank
Dir00000478;Karwei Bouwmarkt Karwei Bouwmarkt Karwei Bouwmarkt Karwei Bouwmarkt
Dir00000479;WATR Systems WATR Systems WATR Systems WATR Systems
Dir00000480;Van Vliesman Verzekering Van Vliesman Verzekering Van Vliesman Verzekering Van Vliesman Verzekering
Dir00000481;Gandalf Technologies Gandalf Technologies Gandalf Technologies Gandalf Technologies
Dir00000482;Bern Bank Bern Bank Bern Bank Bern Bank
Dir00000483;Neerdam Installaties Neerdam Installaties Neerdam Installaties Neerdam Installaties
Dir00000484;Evans Evans Evans Evans
Dir00000485;Peugeot Peugeot Peugeot Peugeot
Dir00000486;Tacan Tacan Tacan Tacan
Dir00000487;Compuserve Compuserve Compuserve Compuserve
Dir00000488;Zaal Buxus Zaal Buxus Zaal Buxus Zaal Buxus
Dir00000489;Van Steen Beveiliging Van Steen Beveiliging Van Steen Beveiliging Van Steen Beveiliging
Dir00000490;Beecham Beecham Beecham Beecham
Dir00000491;MCTR Communications MCTR Communications MCTR Communications MCTR Communications
Dir00000492;Njongo Food Njongo Food Njongo Food Njongo Food
Dir00000493;Open Market Open Market Open Market Open Market
Dir00000494;VV Consult VV Consult VV Consult VV Consult
Dir00000495;Lennon and Russell Services Lennon and Russell Services Lennon and Russell Services Lennon and Russell Services
Dir00000496;Blata Blata Blata Blata
Dir00000497;Turin Bank Turin Bank Turin Bank Turin Bank
Dir00000498;Getronics Getronics Getronics Getronics
Dir00000499;Telefonica Telefonica Telefonica Telefonica
Dir00000500;Secure Solutions Secure Solutions Secure Solutions Secure Solutions
Dir00000501;Camelot Camelot Camelot Camelot
Dir00000502;MCDS Systems MCDS Systems MCDS Systems MCDS Systems
Dir00000503;KMTraining KMTraining KMTraining KMTraining
Dir00000504;Schering Schering Schering Schering
Dir00000505;Cszerwinski Informatics Cszerwinski Informatics Cszerwinski Informatics Cszerwinski Informatics
Dir00000506;Muca Muca Muca Muca
Dir00000507;Yahoo Yahoo Yahoo Yahoo
Dir00000508;Ebana Systems Ebana Systems Ebana Systems Ebana Systems
Dir00000509;Fenomen Fenomen Fenomen Fenomen
Dir00000510;Bolt Bretanek & Newman Bolt Bretanek & Newman Bolt Bretanek & Newman Bolt Bretanek & Newman
Dir00000511;Morgan Stanley Morgan Stanley Morgan Stanley Morgan Stanley
Dir00000512;YB Tech YB Tech YB Tech YB Tech
Dir00000513;IDEX IDEX IDEX IDEX
Dir00000514;PTT Telecom PTT Telecom PTT Telecom PTT Telecom
Dir00000515;Infoseek Infoseek Infoseek Infoseek
Dir00000516;Mongy Informatics Mongy Informatics Mongy Informatics Mongy Informatics
Dir00000517;GreatSystems corp GreatSystems corp GreatSystems corp GreatSystems corp
Dir00000518;MioTraining MioTraining MioTraining MioTraining
Dir00000519;Marion Merrell Marion Merrell Marion Merrell Marion Merrell
Dir00000520;Netcom On-Line Communications Services Netcom On-Line Communications Services Netcom On-Line Communications Services Netcom On-Line Communications Services
Dir00000521;Zaragoza Bank Zaragoza Bank Zaragoza Bank Zaragoza Bank
Dir00000522;Kreitlar Management Kreitlar Management Kreitlar Management Kreitlar Management
Dir00000523;Zinno Zinno Zinno Zinno
Dir00000524;MetLife MetLife MetLife MetLife
Dir00000525;Zaal Buxus Zaal Buxus Zaal Buxus Zaal Buxus
Dir00000526;Elan Elan Elan Elan
Dir00000527;Akwalampa Uniel Akwalampa Uniel Akwalampa Uniel Akwalampa Uniel
Dir00000528;V&D V&D V&D V&D
Dir00000529;UNW Tech UNW Tech UNW Tech UNW Tech
Dir00000530;Achat Achat Achat Achat
Dir00000531;Open Market Open Market Open Market Open Market
Dir00000532;Datanamic Solutions BV Datanamic Solutions BV Datanamic Solutions BV Datanamic Solutions BV
Dir00000533;Martinair Martinair Martinair Martinair
Dir00000534;GreenShopToGo GreenShopToGo GreenShopToGo GreenShopToGo
Dir00000535;Volkswagen AB Volkswagen AB Volkswagen AB Volkswagen AB
Dir00000536;Intuit Intuit Intuit Intuit
Dir00000537;AtlantaAir AtlantaAir AtlantaAir AtlantaAir
Dir00000538;BristolMyers Squibb BristolMyers Squibb BristolMyers Squibb BristolMyers Squibb
Dir00000539;Van Sterkendam Verzekering Van Sterkendam Verzekering Van Sterkendam Verzekering Van Sterkendam Verzekering
Dir00000540;Infoseek Infoseek Infoseek Infoseek
Dir00000541;LTB LTB LTB LTB
Dir00000542;Pandata Pandata Pandata Pandata
Dir00000543;Hoechst Hoechst Hoechst Hoechst
Dir00000544;Glaxo Glaxo Glaxo Glaxo
Dir00000545;Devote Informatics Devote Informatics Devote Informatics Devote Informatics
Dir00000546;Eetopo Systems Eetopo Systems Eetopo Systems Eetopo Systems
Dir00000547;Nongy Aero Nongy Aero Nongy Aero Nongy Aero
Dir00000548;Nokia Nokia Nokia Nokia
Dir00000549;Fardinko Fardinko Fardinko Fardinko
Dir00000550;Weber Koeltechniek Weber Koeltechniek Weber Koeltechniek Weber Koeltechniek
Dir00000551;Cszerwinski Informatics Cszerwinski Informatics Cszerwinski Informatics Cszerwinski Informatics
Dir00000552;America Online America Online America Online America Online
Dir00000553;Weber Koeltechniek Weber Koeltechniek Weber Koeltechniek Weber Koeltechniek
Dir00000554;Cszerwinski Informatics Cszerwinski Informatics Cszerwinski Informatics Cszerwinski Informatics
Dir00000555;IBM IBM IBM IBM
Dir00000556;Cisco Systems Cisco Systems Cisco Systems Cisco Systems
Dir00000557;Fenimen Fenimen Fenimen Fenimen
Dir00000558;Zinnix Zinnix Zinnix Zinnix
Dir00000559;Notalya Consultancy Notalya Consultancy Notalya Consultancy Notalya Consultancy
Dir00000560;Black Software Black Software Black Software Black Software
Dir00000561;Brionox Brionox Brionox Brionox
Dir00000562;Fenimen Fenimen Fenimen Fenimen
Dir00000563;Premenos Technology Premenos Technology Premenos Technology Premenos Technology
Dir00000564;Abani Systems Abani Systems Abani Systems Abani Systems
Dir00000565;Zaal Buxus Zaal Buxus Zaal Buxus Zaal Buxus
Dir00000566;Spyglass Spyglass Spyglass Spyglass
Dir00000567;Niops Software Niops Software Niops Software Niops Software
Dir00000568;Jagger and Hope Finance Jagger and Hope Finance Jagger and Hope Finance Jagger and Hope Finance
Dir00000569;Rogers and Hope Consultancy Rogers and Hope Consultancy Rogers and Hope Consultancy Rogers and Hope Consultancy
Dir00000570;KN Cooling KN Cooling KN Cooling KN Cooling
Dir00000571;LTS Shoes LTS Shoes LTS Shoes LTS Shoes
Dir00000572;CMG Information Services CMG Information Services CMG Information Services CMG Information Services
Dir00000573;Ibranas Ibranas Ibranas Ibranas
Dir00000574;Credit Suisse Credit Suisse Credit Suisse Credit Suisse
Dir00000575;TATA Group TATA Group TATA Group TATA Group
Dir00000576;Smith Kline&French Smith Kline&French Smith Kline&French Smith Kline&French
Dir00000577;NAMM Software NAMM Software NAMM Software NAMM Software
Dir00000578;PT Design PT Design PT Design PT Design
Dir00000579;ERFR Systems ERFR Systems ERFR Systems ERFR Systems
Dir00000580;Pepsi Pepsi Pepsi Pepsi
Dir00000581;Turin Bank Turin Bank Turin Bank Turin Bank
Dir00000582;Desktop Data Desktop Data Desktop Data Desktop Data
Dir00000583;Weekamp Deuren Weekamp Deuren Weekamp Deuren Weekamp Deuren
Dir00000584;Sync Solutions Sync Solutions Sync Solutions Sync Solutions
Dir00000585;Vredensteijn Vredensteijn Vredensteijn Vredensteijn
Dir00000586;Netscape Communications Netscape Communications Netscape Communications Netscape Communications
Dir00000587;Van Houweningen Ass. Van Houweningen Ass. Van Houweningen Ass. Van Houweningen Ass.
Dir00000588;ScheringPlough ScheringPlough ScheringPlough ScheringPlough
Dir00000589;DAF Trucks DAF Trucks DAF Trucks DAF Trucks
Dir00000590;Bencard Bencard Bencard Bencard
Dir00000591;FlyCheapAir FlyCheapAir FlyCheapAir FlyCheapAir
Dir00000592;HJArchitecture HJArchitecture HJArchitecture HJArchitecture
Dir00000593;Spyker Spyker Spyker Spyker
Dir00000594;IBM IBM IBM IBM
Dir00000595;Inbox Solutions Inbox Solutions Inbox Solutions Inbox Solutions
Dir00000596;CanadaAir CanadaAir CanadaAir CanadaAir
Dir00000597;Heraut Solutions Heraut Solutions Heraut Solutions Heraut Solutions
Dir00000598;Batavus Batavus Batavus Batavus
Dir00000599;Van Wiegen Constructies Van Wiegen Constructies Van Wiegen Constructies Van Wiegen Constructies
Dir00000600;Weber Koeltechniek BV Weber Koeltechniek BV Weber Koeltechniek BV Weber Koeltechniek BV
Dir00000601;Sherico Consultancy Sherico Consultancy Sherico Consultancy Sherico Consultancy
Dir00000602;Wang Computers Wang Computers Wang Computers Wang Computers
Dir00000603;Unisol Paneel Unisol Paneel Unisol Paneel Unisol Paneel
Dir00000604;Dnet Dnet Dnet Dnet
Dir00000605;Spyker Spyker Spyker Spyker
Dir00000606;Credit Suisse Credit Suisse Credit Suisse Credit Suisse
Dir00000607;HJ Computers HJ Computers HJ Computers HJ Computers
Dir00000608;GreenSoftware GreenSoftware GreenSoftware GreenSoftware
Dir00000609;Netcom On-Line Communications Services Netcom On-Line Communications Services Netcom On-Line Communications Services Netcom On-Line Communications Services
Dir00000610;BeterBed BeterBed BeterBed BeterBed
Dir00000611;NGR Bank NGR Bank NGR Bank NGR Bank
Dir00000612;MiraVori MiraVori MiraVori MiraVori
Dir00000613;RTI Bank RTI Bank RTI Bank RTI Bank
Dir00000614;Ubena Communications Ubena Communications Ubena Communications Ubena Communications
Dir00000615;Storks & Partners Storks & Partners Storks & Partners Storks & Partners
Dir00000616;Silicon Graphics Silicon Graphics Silicon Graphics Silicon Graphics
Dir00000617;Bayer Bayer Bayer Bayer
Dir00000618;PSINet PSINet PSINet PSINet
Dir00000619;Morgan Stanley Morgan Stanley Morgan Stanley Morgan Stanley
Dir00000620;Trinity Trinity Trinity Trinity
Dir00000621;Calder Worx Calder Worx Calder Worx Calder Worx
Dir00000622;EZG Transport EZG Transport EZG Transport EZG Transport
Dir00000623;Times Software Times Software Times Software Times Software
Dir00000624;Firefox Communications Firefox Communications Firefox Communications Firefox Communications
Dir00000625;Firefox Communications Firefox Communications Firefox Communications Firefox Communications
Dir00000626;Minsk Bank Minsk Bank Minsk Bank Minsk Bank
Dir00000627;IDEX IDEX IDEX IDEX
Dir00000628;Goldman Sachs Goldman Sachs Goldman Sachs Goldman Sachs
Dir00000629;Trendhopper Trendhopper Trendhopper Trendhopper
Dir00000630;Dista Dista Dista Dista
Dir00000631;Allen&Hanburys Ltd Allen&Hanburys Ltd Allen&Hanburys Ltd Allen&Hanburys Ltd
Dir00000632;Eelonso Communications Eelonso Communications Eelonso Communications Eelonso Communications
Dir00000633;Infonautics Infonautics Infonautics Infonautics
Dir00000634;BetterOffice BetterOffice BetterOffice BetterOffice
Dir00000635;AtlantaAero AtlantaAero AtlantaAero AtlantaAero
Dir00000636;Djong Steel Djong Steel Djong Steel Djong Steel
Dir00000637;Peugeot Peugeot Peugeot Peugeot
Dir00000638;Renault Renault Renault Renault
Dir00000639;Hassefras BV Hassefras BV Hassefras BV Hassefras BV
Dir00000640;SunRiver SunRiver SunRiver SunRiver
Dir00000641;Camelot Camelot Camelot Camelot
Dir00000642;NUMM Software NUMM Software NUMM Software NUMM Software
Dir00000643;WAPP Consultancy WAPP Consultancy WAPP Consultancy WAPP Consultancy
Dir00000644;Akwalampa Uniel Akwalampa Uniel Akwalampa Uniel Akwalampa Uniel
Dir00000645;Weekamp Deuren Weekamp Deuren Weekamp Deuren Weekamp Deuren
Dir00000646;Beecham Beecham Beecham Beecham
Dir00000647;Pfizer Pfizer Pfizer Pfizer
Dir00000648;Grupo Santander Grupo Santander Grupo Santander Grupo Santander
Dir00000649;Van Tonnelke Montage Van Tonnelke Montage Van Tonnelke Montage Van Tonnelke Montage
Dir00000650;Cap Gemini Cap Gemini Cap Gemini Cap Gemini
Dir00000651;RedShop2Go RedShop2Go RedShop2Go RedShop2Go
Dir00000652;LTB LTB LTB LTB
Dir00000653;Lucom Lucom Lucom Lucom
Dir00000654;Symantec Symantec Symantec Symantec
Dir00000655;Cybercash Cybercash Cybercash Cybercash
Dir00000656;NetSoftware NetSoftware NetSoftware NetSoftware
Dir00000657;Cage and Richardson Training Cage and Richardson Training Cage and Richardson Training Cage and Richardson Training
Dir00000658;Sapanda.com Sapanda.com Sapanda.com Sapanda.com
Dir00000659;ItalyAir ItalyAir ItalyAir ItalyAir
Dir00000660;GUITools co GUITools co GUITools co GUITools co
Dir00000661;Desktop Data Desktop Data Desktop Data Desktop Data
Dir00000662;HV Montage HV Montage HV Montage HV Montage
Dir00000663;KTX Food KTX Food KTX Food KTX Food
Dir00000664;Bayer Bayer Bayer Bayer
Dir00000665;Hessersmitt Hessersmitt Hessersmitt Hessersmitt
Dir00000666;BASF BASF BASF BASF
Dir00000667;Zatinix Zatinix Zatinix Zatinix
Dir00000668;Macromedia Macromedia Macromedia Macromedia
Dir00000669;Les Chanterel Les Chanterel Les Chanterel Les Chanterel
Dir00000670;Nuco Nuco Nuco Nuco
Dir00000671;ItalyAero ItalyAero ItalyAero ItalyAero
Dir00000672;Ylena Tech Ylena Tech Ylena Tech Ylena Tech
Dir00000673;Van Toorn Montage Van Toorn Montage Van Toorn Montage Van Toorn Montage
Dir00000674;Nemenens Nemenens Nemenens Nemenens
Dir00000675;KN Builders KN Builders KN Builders KN Builders
Dir00000676;FinlandAir FinlandAir FinlandAir FinlandAir
Dir00000677;GUIWorx bv GUIWorx bv GUIWorx bv GUIWorx bv
Dir00000678;CKKM Shoes CKKM Shoes CKKM Shoes CKKM Shoes
Dir00000679;Super Confex Super Confex Super Confex Super Confex
Dir00000680;Fenomen Fenomen Fenomen Fenomen
Dir00000681;Leski Meubelen Leski Meubelen Leski Meubelen Leski Meubelen
Dir00000682;FlyCheapAero FlyCheapAero FlyCheapAero FlyCheapAero
Dir00000683;Gandalf Technologies Gandalf Technologies Gandalf Technologies Gandalf Technologies
Dir00000684;Van Teken Consult Van Teken Consult Van Teken Consult Van Teken Consult
Dir00000685;Cascade Communications Cascade Communications Cascade Communications Cascade Communications
Dir00000686;Weber Koeltechniek Weber Koeltechniek Weber Koeltechniek Weber Koeltechniek
Dir00000687;Inter Health Inter Health Inter Health Inter Health
Dir00000688;Roma Bank Roma Bank Roma Bank Roma Bank
Dir00000689;NURG Solutions NURG Solutions NURG Solutions NURG Solutions
Dir00000690;Sync Solutions Sync Solutions Sync Solutions Sync Solutions
Dir00000691;FTP Software FTP Software FTP Software FTP Software
Dir00000692;NGR Bank NGR Bank NGR Bank NGR Bank
Dir00000693;Bramo Bramo Bramo Bramo
Dir00000694;Sapanda.com Sapanda.com Sapanda.com Sapanda.com
Dir00000695;Lycos Lycos Lycos Lycos
Dir00000696;Pitt Tools corp Pitt Tools corp Pitt Tools corp Pitt Tools corp
Dir00000697;Mongy Food Mongy Food Mongy Food Mongy Food
Dir00000698;BrownData BrownData BrownData BrownData
Dir00000699;Gandalf Technologies Gandalf Technologies Gandalf Technologies Gandalf Technologies
Dir00000700;Best Soft Best Soft Best Soft Best Soft
Dir00000701;RZ Technics RZ Technics RZ Technics RZ Technics
Dir00000702;CRR Shoes CRR Shoes CRR Shoes CRR Shoes
Dir00000703;Ulonco Systems Ulonco Systems Ulonco Systems Ulonco Systems
Dir00000704;The Datanamic Group BV The Datanamic Group BV The Datanamic Group BV The Datanamic Group BV
Dir00000705;Van Wiegen Accountancy Van Wiegen Accountancy Van Wiegen Accountancy Van Wiegen Accountancy
Dir00000706;Njong Steel Njong Steel Njong Steel Njong Steel
Dir00000707;Atalanka Atalanka Atalanka Atalanka
Dir00000708;Fardinko Fardinko Fardinko Fardinko
Dir00000709;RedSoftware RedSoftware RedSoftware RedSoftware
Dir00000710;Microsoft Microsoft Microsoft Microsoft
Dir00000711;Ybani Communications Ybani Communications Ybani Communications Ybani Communications
Dir00000712;Canon Canon Canon Canon
Dir00000713;Meinders Meubelen Meinders Meubelen Meinders Meubelen Meinders Meubelen
Dir00000714;Fortis Fortis Fortis Fortis
Dir00000715;Scheider Scheider Scheider Scheider
Dir00000716;EADS EADS EADS EADS
Dir00000717;OCE OCE OCE OCE
Dir00000718;Fenomen Fenomen Fenomen Fenomen
Dir00000719;UN Tech UN Tech UN Tech UN Tech
Dir00000720;Fulcrum Technologies Fulcrum Technologies Fulcrum Technologies Fulcrum Technologies
Dir00000721;Zotoflex Zotoflex Zotoflex Zotoflex
Dir00000722;Datanamic Solutions BV Datanamic Solutions BV Datanamic Solutions BV Datanamic Solutions BV
Dir00000723;KT Builders KT Builders KT Builders KT Builders
Dir00000724;Alena Tech Alena Tech Alena Tech Alena Tech
Dir00000725;BetterOffice BetterOffice BetterOffice BetterOffice
Dir00000726;United States Postal Service United States Postal Service United States Postal Service United States Postal Service
Dir00000727;Lewis and Richardson Training Lewis and Richardson Training Lewis and Richardson Training Lewis and Richardson Training
Dir00000728;Excite Excite Excite Excite
Dir00000729;Gandalf Technologies Gandalf Technologies Gandalf Technologies Gandalf Technologies
Dir00000730;Takita Takita Takita Takita
Dir00000731;Canon Canon Canon Canon
Dir00000732;Silicon Graphics Silicon Graphics Silicon Graphics Silicon Graphics
Dir00000733;Leo Leo Leo Leo
Dir00000734;Fenimen Fenimen Fenimen Fenimen
Dir00000735;Fenomen Fenomen Fenomen Fenomen
Dir00000736;Raptor Systems Raptor Systems Raptor Systems Raptor Systems
Dir00000737;Branix Branix Branix Branix
Dir00000738;Orion Orion Orion Orion
Dir00000739;RQW Data RQW Data RQW Data RQW Data
Dir00000740;Ubani Systems Ubani Systems Ubani Systems Ubani Systems
Dir00000741;Catico Catico Catico Catico
Dir00000742;Ethical Generics Ethical Generics Ethical Generics Ethical Generics
Dir00000743;Van Houweningen Ass. Van Houweningen Ass. Van Houweningen Ass. Van Houweningen Ass.
Dir00000744;HJWebDesign HJWebDesign HJWebDesign HJWebDesign
Dir00000745;Symantec Symantec Symantec Symantec
Dir00000746;Astra Astra Astra Astra
Dir00000747;Pepp Pepp Pepp Pepp
Dir00000748;LV Transport LV Transport LV Transport LV Transport
Dir00000749;Euroderma Euroderma Euroderma Euroderma
Dir00000750;BASE BASE BASE BASE
Dir00000751;ReDesign ReDesign ReDesign ReDesign
Dir00000752;BestIT BestIT BestIT BestIT
Dir00000753;Heraut Solutions Heraut Solutions Heraut Solutions Heraut Solutions
Dir00000754;Van Tonnelke Beveiliging Van Tonnelke Beveiliging Van Tonnelke Beveiliging Van Tonnelke Beveiliging
Dir00000755;Cascade Communications Cascade Communications Cascade Communications Cascade Communications
Dir00000756;Cage Worx co Cage Worx co Cage Worx co Cage Worx co
Dir00000757;CIBA CIBA CIBA CIBA
Dir00000758;Hoechst Hoechst Hoechst Hoechst
Dir00000759;AmericaAero AmericaAero AmericaAero AmericaAero
Dir00000760;JetAero JetAero JetAero JetAero
Dir00000761;Spencer and Carey Ltd Spencer and Carey Ltd Spencer and Carey Ltd Spencer and Carey Ltd
Dir00000762;Excalibur Technologies Excalibur Technologies Excalibur Technologies Excalibur Technologies
Dir00000763;FF Consult FF Consult FF Consult FF Consult
Dir00000764;Sparta Cycle Sparta Cycle Sparta Cycle Sparta Cycle
Dir00000765;WR Training WR Training WR Training WR Training
Dir00000766;Djongy Informatix Djongy Informatix Djongy Informatix Djongy Informatix
Dir00000767;Cascade Communications Cascade Communications Cascade Communications Cascade Communications
Dir00000768;HJDesign HJDesign HJDesign HJDesign
Dir00000769;Notalya Consultancy Notalya Consultancy Notalya Consultancy Notalya Consultancy
Dir00000770;Udasa Systems Udasa Systems Udasa Systems Udasa Systems
Dir00000771;HaTeHa HaTeHa HaTeHa HaTeHa
Dir00000772;Open Market Open Market Open Market Open Market
Dir00000773;Mingy Informatics Mingy Informatics Mingy Informatics Mingy Informatics
Dir00000774;GoldData GoldData GoldData GoldData
Dir00000775;SmithKline Beecham SmithKline Beecham SmithKline Beecham SmithKline Beecham
Dir00000776;Brinex Brinex Brinex Brinex
Dir00000777;Netmanage Inc. Netmanage Inc. Netmanage Inc. Netmanage Inc.
Dir00000778;Vardisio Vardisio Vardisio Vardisio
Dir00000779;Geneva Bank Geneva Bank Geneva Bank Geneva Bank
Dir00000780;Evans Evans Evans Evans
Dir00000781;HGKL Communications HGKL Communications HGKL Communications HGKL Communications
Dir00000782;Weekamp Deuren Weekamp Deuren Weekamp Deuren Weekamp Deuren
Dir00000783;RDB Bank RDB Bank RDB Bank RDB Bank
Dir00000784;Zjongo Informatics Zjongo Informatics Zjongo Informatics Zjongo Informatics
Dir00000785;RV Transport RV Transport RV Transport RV Transport
Dir00000786;Dalton and Hope Data Dalton and Hope Data Dalton and Hope Data Dalton and Hope Data
Dir00000787;Ahold Ahold Ahold Ahold
Dir00000788;Interbew Interbew Interbew Interbew
Dir00000789;GreatWorx corp GreatWorx corp GreatWorx corp GreatWorx corp
Dir00000790;SmithKline Beecham SmithKline Beecham SmithKline Beecham SmithKline Beecham
Dir00000791;Van Sterkendam Bouw Van Sterkendam Bouw Van Sterkendam Bouw Van Sterkendam Bouw
Dir00000792;BWise BWise BWise BWise
Dir00000793;OrangeConsult OrangeConsult OrangeConsult OrangeConsult
Dir00000794;Simopix Simopix Simopix Simopix
Dir00000795;Netscape Communications Netscape Communications Netscape Communications Netscape Communications
Dir00000796;Washinghton Bank Washinghton Bank Washinghton Bank Washinghton Bank
Dir00000797;YNR Builders YNR Builders YNR Builders YNR Builders
Dir00000798;NorthGo Deuren NorthGo Deuren NorthGo Deuren NorthGo Deuren
Dir00000799;KHTR Consultancy KHTR Consultancy KHTR Consultancy KHTR Consultancy
Dir00000800;Seven Days Center Seven Days Center Seven Days Center Seven Days Center
Dir00000801;Vardisio Vardisio Vardisio Vardisio
Dir00000802;Netmanage Inc. Netmanage Inc. Netmanage Inc. Netmanage Inc.
Dir00000803;HGTR Consultancy HGTR Consultancy HGTR Consultancy HGTR Consultancy
Dir00000804;JanssenCilag JanssenCilag JanssenCilag JanssenCilag
Dir00000805;RedStone RedStone RedStone RedStone
Dir00000806;DisplayTools DisplayTools DisplayTools DisplayTools
Dir00000807;KHKL Payment Systems KHKL Payment Systems KHKL Payment Systems KHKL Payment Systems
Dir00000808;Roussel Roussel Roussel Roussel
Dir00000809;KPKL Software KPKL Software KPKL Software KPKL Software
Dir00000810;Roghuis Consultancy Roghuis Consultancy Roghuis Consultancy Roghuis Consultancy
Dir00000811;NorthGo Deuren NorthGo Deuren NorthGo Deuren NorthGo Deuren
Dir00000812;Mingy Steel Mingy Steel Mingy Steel Mingy Steel
Dir00000813;Hoechst Hoechst Hoechst Hoechst
Dir00000814;MerckSharp&Dohme MerckSharp&Dohme MerckSharp&Dohme MerckSharp&Dohme
Dir00000815;RS Works RS Works RS Works RS Works
Dir00000816;Squibb Squibb Squibb Squibb
Dir00000817;Cage and Russell Consultancy Cage and Russell Consultancy Cage and Russell Consultancy Cage and Russell Consultancy
Dir00000818;Peugeot Peugeot Peugeot Peugeot
Dir00000819;Renault Renault Renault Renault
Dir00000820;Berlin Bank Berlin Bank Berlin Bank Berlin Bank
Dir00000821;C&A C&A C&A C&A
Dir00000822;PTComputers PTComputers PTComputers PTComputers
Dir00000823;Takita Takita Takita Takita
Dir00000824;Aegon Aegon Aegon Aegon
Dir00000825;Roghuis Consultancy Roghuis Consultancy Roghuis Consultancy Roghuis Consultancy
Dir00000826;HT Group HT Group HT Group HT Group
Dir00000827;Global Village Communication Global Village Communication Global Village Communication Global Village Communication
Dir00000828;Marks and Carey Data Marks and Carey Data Marks and Carey Data Marks and Carey Data
Dir00000829;Nongo International Nongo International Nongo International Nongo International
Dir00000830;Tesco Tesco Tesco Tesco
Dir00000831;Blata Blata Blata Blata
Dir00000832;Interbew Interbew Interbew Interbew
Dir00000833;Ethical Generics Ethical Generics Ethical Generics Ethical Generics
Dir00000834;Mongy Stores Mongy Stores Mongy Stores Mongy Stores
Dir00000835;Lewis and Ferry Consultancy Lewis and Ferry Consultancy Lewis and Ferry Consultancy Lewis and Ferry Consultancy
Dir00000836;Van Vliet Adviseurs Van Vliet Adviseurs Van Vliet Adviseurs Van Vliet Adviseurs
Dir00000837;Martinair Martinair Martinair Martinair
Dir00000838;Samsung Samsung Samsung Samsung
Dir00000839;PT Architecture PT Architecture PT Architecture PT Architecture
Dir00000840;Mortrop Mortrop Mortrop Mortrop
Dir00000841;BASE BASE BASE BASE
Dir00000842;Cascade Communications Cascade Communications Cascade Communications Cascade Communications
Dir00000843;Oracle Corp. Oracle Corp. Oracle Corp. Oracle Corp.
Dir00000844;TRTR Payment Systems TRTR Payment Systems TRTR Payment Systems TRTR Payment Systems
Dir00000845;HGNG Systems HGNG Systems HGNG Systems HGNG Systems
Dir00000846;U.S. Robotics U.S. Robotics U.S. Robotics U.S. Robotics
Dir00000847;M.A.I.D. PLC M.A.I.D. PLC M.A.I.D. PLC M.A.I.D. PLC
Dir00000848;Ethical Generics Ethical Generics Ethical Generics Ethical Generics
Dir00000849;Merck and Russell Services Merck and Russell Services Merck and Russell Services Merck and Russell Services
Dir00000850;Kwantum Kwantum Kwantum Kwantum
Dir00000851;HaTeHa HaTeHa HaTeHa HaTeHa
Dir00000852;Trendhopper Trendhopper Trendhopper Trendhopper
Dir00000853;Nexx Media Nexx Media Nexx Media Nexx Media
Dir00000854;JanssenCilag JanssenCilag JanssenCilag JanssenCilag
Dir00000855;Bencard Bencard Bencard Bencard
Dir00000856;Van Teken Beveiliging Van Teken Beveiliging Van Teken Beveiliging Van Teken Beveiliging
Dir00000857;Njong Aero Njong Aero Njong Aero Njong Aero
Dir00000858;YSS Data YSS Data YSS Data YSS Data
Dir00000859;Dista Dista Dista Dista
Dir00000860;DAF Trucks DAF Trucks DAF Trucks DAF Trucks
Dir00000861;AmericaAero AmericaAero AmericaAero AmericaAero
Dir00000862;OnlineTools bv OnlineTools bv OnlineTools bv OnlineTools bv
Dir00000863;TRTR Finance TRTR Finance TRTR Finance TRTR Finance
Dir00000864;Grolsch Grolsch Grolsch Grolsch
Dir00000865;Kovotna Consultants Kovotna Consultants Kovotna Consultants Kovotna Consultants
Dir00000866;Cszerwinski Informatics Cszerwinski Informatics Cszerwinski Informatics Cszerwinski Informatics
Dir00000867;Gandalf Technologies Gandalf Technologies Gandalf Technologies Gandalf Technologies
Dir00000868;Notalya Consultancy Notalya Consultancy Notalya Consultancy Notalya Consultancy
Dir00000869;Yahoo Yahoo Yahoo Yahoo
Dir00000870;RX Finance RX Finance RX Finance RX Finance
Dir00000871;Grant and Carey Finance Grant and Carey Finance Grant and Carey Finance Grant and Carey Finance
Dir00000872;Firefox Communications Firefox Communications Firefox Communications Firefox Communications
Dir00000873;Itica Transport Itica Transport Itica Transport Itica Transport
Dir00000874;BigWorks bv BigWorks bv BigWorks bv BigWorks bv
Dir00000875;Dacia Dacia Dacia Dacia
Dir00000876;Weber Koeltechniek BV Weber Koeltechniek BV Weber Koeltechniek BV Weber Koeltechniek BV
Dir00000877;Citigroup Citigroup Citigroup Citigroup
Dir00000878;Sheridan Systems Sheridan Systems Sheridan Systems Sheridan Systems
Dir00000879;Sandoz Sandoz Sandoz Sandoz
Dir00000880;BWise BWise BWise BWise
Dir00000881;Excite Excite Excite Excite
Dir00000882;Van Beek Taxi Van Beek Taxi Van Beek Taxi Van Beek Taxi
Dir00000883;Samsung Samsung Samsung Samsung
Dir00000884;Lewis and Grant Technology Lewis and Grant Technology Lewis and Grant Technology Lewis and Grant Technology
Dir00000885;BrownSoftware BrownSoftware BrownSoftware BrownSoftware
Dir00000886;Waltman Systems gmbh Waltman Systems gmbh Waltman Systems gmbh Waltman Systems gmbh
Dir00000887;Trendhopper Trendhopper Trendhopper Trendhopper
Dir00000888;Fulcrum Technologies Fulcrum Technologies Fulcrum Technologies Fulcrum Technologies
Dir00000889;Netmanage Inc. Netmanage Inc. Netmanage Inc. Netmanage Inc.
Dir00000890;Wang Computers Wang Computers Wang Computers Wang Computers
Dir00000891;Organon Organon Organon Organon
Dir00000892;Goldman Sachs Goldman Sachs Goldman Sachs Goldman Sachs
Dir00000893;Brasserie De Meiden Brasserie De Meiden Brasserie De Meiden Brasserie De Meiden
Dir00000894;JetAir JetAir JetAir JetAir
Dir00000895;JanssenCilag JanssenCilag JanssenCilag JanssenCilag
Dir00000896;Winner Computers Winner Computers Winner Computers Winner Computers
Dir00000897;Yahoo Yahoo Yahoo Yahoo
Dir00000898;Camelot Camelot Camelot Camelot
Dir00000899;Branix Branix Branix Branix
Dir00000900;Infoseek Infoseek Infoseek Infoseek
Dir00000901;Sherico Consultancy Sherico Consultancy Sherico Consultancy Sherico Consultancy
Dir00000902;HR Consult HR Consult HR Consult HR Consult
Dir00000903;KNX Works KNX Works KNX Works KNX Works
Dir00000904;Leo Leo Leo Leo
Dir00000905;Heraut Solutions BV Heraut Solutions BV Heraut Solutions BV Heraut Solutions BV
Dir00000906;Scandia Scandia Scandia Scandia
Dir00000907;Utopo Tech Utopo Tech Utopo Tech Utopo Tech
Dir00000908;POET POET POET POET
Dir00000909;Raptor Systems Raptor Systems Raptor Systems Raptor Systems
Dir00000910;Roma Bank Roma Bank Roma Bank Roma Bank
Dir00000911;Van Houweningen Ass. Van Houweningen Ass. Van Houweningen Ass. Van Houweningen Ass.
Dir00000912;WhiteSoftware WhiteSoftware WhiteSoftware WhiteSoftware
Dir00000913;Djing Oil Djing Oil Djing Oil Djing Oil
Dir00000914;Sapanda.com Sapanda.com Sapanda.com Sapanda.com
Dir00000915;Van Vliet Accountancy Van Vliet Accountancy Van Vliet Accountancy Van Vliet Accountancy
Dir00000916;Mongo Media Mongo Media Mongo Media Mongo Media
Dir00000917;Rabobank Rabobank Rabobank Rabobank
Dir00000918;JetAir JetAir JetAir JetAir
Dir00000919;Microput Microput Microput Microput
Dir00000920;Brasserie De Meiden Brasserie De Meiden Brasserie De Meiden Brasserie De Meiden
Dir00000921;Renault Renault Renault Renault
Dir00000922;CQW Tech CQW Tech CQW Tech CQW Tech
Dir00000923;LKKG Works LKKG Works LKKG Works LKKG Works
Dir00000924;Free Record Shop Free Record Shop Free Record Shop Free Record Shop
Dir00000925;Fulcrum Technologies Fulcrum Technologies Fulcrum Technologies Fulcrum Technologies
Dir00000926;BLogic BLogic BLogic BLogic
Dir00000927;Hassefras BV Hassefras BV Hassefras BV Hassefras BV
Dir00000928;Notalya Consultancy Notalya Consultancy Notalya Consultancy Notalya Consultancy
Dir00000929;RZR Builders RZR Builders RZR Builders RZR Builders
Dir00000930;BetterOffice BetterOffice BetterOffice BetterOffice
Dir00000931;Eelinca Tech Eelinca Tech Eelinca Tech Eelinca Tech
Dir00000932;Weclo Architecture Weclo Architecture Weclo Architecture Weclo Architecture
Dir00000933;Ming Informatics Ming Informatics Ming Informatics Ming Informatics
Dir00000934;NovoNordisk NovoNordisk NovoNordisk NovoNordisk
Dir00000935;Cobb and Dalton IT Solutions Cobb and Dalton IT Solutions Cobb and Dalton IT Solutions Cobb and Dalton IT Solutions
Dir00000936;Bern Bank Bern Bank Bern Bank Bern Bank
Dir00000937;Eebena Systems Eebena Systems Eebena Systems Eebena Systems
Dir00000938;HSS Bank HSS Bank HSS Bank HSS Bank
Dir00000939;NN WebDesign NN WebDesign NN WebDesign NN WebDesign
Dir00000940;U.S. Order U.S. Order U.S. Order U.S. Order
Dir00000941;KHPP Systems KHPP Systems KHPP Systems KHPP Systems
Dir00000942;Dataware Technologies Dataware Technologies Dataware Technologies Dataware Technologies
Dir00000943;Richardson and Ritter Technology Richardson and Ritter Technology Richardson and Ritter Technology Richardson and Ritter Technology
Dir00000944;Ningy Media Ningy Media Ningy Media Ningy Media
Dir00000945;Roma Bank Roma Bank Roma Bank Roma Bank
Dir00000946;CUC International CUC International CUC International CUC International
Dir00000947;Lederle Lederle Lederle Lederle
Dir00000948;SwissAir SwissAir SwissAir SwissAir
Dir00000949;Raptor Systems Raptor Systems Raptor Systems Raptor Systems
Dir00000950;Niops Software Niops Software Niops Software Niops Software
Dir00000951;Cronex Cronex Cronex Cronex
Dir00000952;SpainAir SpainAir SpainAir SpainAir
Dir00000953;AK Group AK Group AK Group AK Group
Dir00000954;Brioca Brioca Brioca Brioca
Dir00000955;Citigroup Citigroup Citigroup Citigroup
Dir00000956;United States Postal Service United States Postal Service United States Postal Service United States Postal Service
Dir00000957;Djingy Informatics Djingy Informatics Djingy Informatics Djingy Informatics
Dir00000958;VocalTec VocalTec VocalTec VocalTec
Dir00000959;PT Design PT Design PT Design PT Design
Dir00000960;Niops Software Niops Software Niops Software Niops Software
Dir00000961;BlackPoint BlackPoint BlackPoint BlackPoint
Dir00000962;FFComputers FFComputers FFComputers FFComputers
Dir00000963;ERFR Solutions ERFR Solutions ERFR Solutions ERFR Solutions
Dir00000964;OrangeConsult OrangeConsult OrangeConsult OrangeConsult
Dir00000965;Sparta Cycle Sparta Cycle Sparta Cycle Sparta Cycle
Dir00000966;America Online America Online America Online America Online
Dir00000967;ScheringPlough ScheringPlough ScheringPlough ScheringPlough
Dir00000968;Mecklermedia Corp. Mecklermedia Corp. Mecklermedia Corp. Mecklermedia Corp.
Dir00000969;Interbew Interbew Interbew Interbew
Dir00000970;Dotser Dotser Dotser Dotser
Dir00000971;BristolMyers Squibb BristolMyers Squibb BristolMyers Squibb BristolMyers Squibb
Dir00000972;SilverStone SilverStone SilverStone SilverStone
Dir00000973;London Bank London Bank London Bank London Bank
Dir00000974;Securat Bank Securat Bank Securat Bank Securat Bank
Dir00000975;Mortrop Mortrop Mortrop Mortrop
Dir00000976;Cap Gemini Cap Gemini Cap Gemini Cap Gemini
Dir00000977;OnlineSystems corp OnlineSystems corp OnlineSystems corp OnlineSystems corp
Dir00000978;U.S. Order U.S. Order U.S. Order U.S. Order
Dir00000979;BristolMyers Squibb BristolMyers Squibb BristolMyers Squibb BristolMyers Squibb
Dir00000980;Microput Microput Microput Microput
Dir00000981;Premenos Technology Premenos Technology Premenos Technology Premenos Technology
Dir00000982;Weber Koeltechniek Weber Koeltechniek Weber Koeltechniek Weber Koeltechniek
Dir00000983;Waltman Works ltd Waltman Works ltd Waltman Works ltd Waltman Works ltd
Dir00000984;Spencer and Cage Services Spencer and Cage Services Spencer and Cage Services Spencer and Cage Services
Dir00000985;NorthGo Deuren NorthGo Deuren NorthGo Deuren NorthGo Deuren
Dir00000986;Super Confex Super Confex Super Confex Super Confex
Dir00000987;Karwei Bouwmarkt Karwei Bouwmarkt Karwei Bouwmarkt Karwei Bouwmarkt
Dir00000988;Spyker Spyker Spyker Spyker
Dir00000989;MONY MONY MONY MONY
Dir00000990;NovoNordisk NovoNordisk NovoNordisk NovoNordisk
Dir00000991;WhiteConsult WhiteConsult WhiteConsult WhiteConsult
Dir00000992;AtlantaAero AtlantaAero AtlantaAero AtlantaAero
Dir00000993;Dataware Technologies Dataware Technologies Dataware Technologies Dataware Technologies
Dir00000994;Satican Satican Satican Satican
Dir00000995;Dnet Dnet Dnet Dnet
Dir00000996;VocalTec VocalTec VocalTec VocalTec
Dir00000997;CIBA CIBA CIBA CIBA
Dir00000998;EMI Music EMI Music EMI Music EMI Music
Dir00000999;Djongy Informatics Djongy Informatics Djongy Informatics Djongy Informatics
Dir00001000;RNS Shoes RNS Shoes RNS Shoes RNS Shoes
