F00000001;Und ? ein Datei:Name mit 	 	 Sonderzeichen.pdf
F00000002;Und ? ein Datei:Name mit ? / Sonderzeichen und deren Name dann noch überaus lang ist und viele Zeichen enthält bis er dann irgend wann einfach zu lang ist.pdf
F00000003;GREEN LENTILS GREEN LENTILS GREEN LENTILS GREEN LENTILS
F00000004;Peanuts Peanuts Peanuts Peanuts
F00000005;ELEPHANT GARLIC ELEPHANT GARLIC ELEPHANT GARLIC ELEPHANT GARLIC
F00000006;JERKY BEEF TERIKAKI JERKY BEEF TERIKAKI JERKY BEEF TERIKAKI JERKY BEEF TERIKAKI
F00000007;Sunflowers Sunflowers Sunflowers Sunflowers
F00000008;Package Deals Package Deals Package Deals Package Deals
F00000009;Spinach Spinach Spinach Spinach
F00000010;DESSERT SLEEVES WHITE DESSERT SLEEVES WHITE DESSERT SLEEVES WHITE DESSERT SLEEVES WHITE
F00000011;Coenzyme (CoQ-10) Coenzyme (CoQ-10) Coenzyme (CoQ-10) Coenzyme (CoQ-10)
F00000012;COATING CANDY APPLE COATING CANDY APPLE COATING CANDY APPLE COATING CANDY APPLE
F00000013;BAG POLY FOR POTATOES BAG POLY FOR POTATOES BAG POLY FOR POTATOES BAG POLY FOR POTATOES
F00000014;Open-Pollinated Sweet Corn Open-Pollinated Sweet Corn Open-Pollinated Sweet Corn Open-Pollinated Sweet Corn
F00000015;COFFEE FILTER NR2 COFFEE FILTER NR2 COFFEE FILTER NR2 COFFEE FILTER NR2
F00000016;GOJO HAND CLEANER LEMON GOJO HAND CLEANER LEMON GOJO HAND CLEANER LEMON GOJO HAND CLEANER LEMON
F00000017;Aloe Vera Aloe Vera Aloe Vera Aloe Vera
F00000018;CUT OUT FOOD DECO CUT OUT FOOD DECO CUT OUT FOOD DECO CUT OUT FOOD DECO
F00000019;Gingko Plus 4 Gingko Plus 4 Gingko Plus 4 Gingko Plus 4
F00000020;BEVNAPS ROYAL BLUE BEVNAPS ROYAL BLUE BEVNAPS ROYAL BLUE BEVNAPS ROYAL BLUE
F00000021;FUEL HANDY GEL FUEL HANDY GEL FUEL HANDY GEL FUEL HANDY GEL
F00000022;Swiss Chard Swiss Chard Swiss Chard Swiss Chard
F00000023;Eggplant Eggplant Eggplant Eggplant
F00000024;BINS WATERMELON BINS WATERMELON BINS WATERMELON BINS WATERMELON
F00000025;Pink Tomatoes Pink Tomatoes Pink Tomatoes Pink Tomatoes
F00000026;PERRIER WATER PERRIER WATER PERRIER WATER PERRIER WATER
F00000027;Emu Bath & Shower Gel Emu Bath & Shower Gel Emu Bath & Shower Gel Emu Bath & Shower Gel
F00000028;Premier Bath Pak Premier Bath Pak Premier Bath Pak Premier Bath Pak
F00000029;HOTTLE LID HOTTLE LID HOTTLE LID HOTTLE LID
F00000030;SOUP VEGETABLE SOUP VEGETABLE SOUP VEGETABLE SOUP VEGETABLE
F00000031;BAMBOO SKEWERS BAMBOO SKEWERS BAMBOO SKEWERS BAMBOO SKEWERS
F00000032;Cinnamon Spice Cinnamon Spice Cinnamon Spice Cinnamon Spice
F00000033;Liquid Gold Styling Glaze Liquid Gold Styling Glaze Liquid Gold Styling Glaze Liquid Gold Styling Glaze
F00000034;Hot Peppers Hot Peppers Hot Peppers Hot Peppers
F00000035;Beans Beans Beans Beans
F00000036;BEVERAGE CUP BEVERAGE CUP BEVERAGE CUP BEVERAGE CUP
F00000037;ELEPHANT GARLIC ELEPHANT GARLIC ELEPHANT GARLIC ELEPHANT GARLIC
F00000038;Kale Kale Kale Kale
F00000039;Cinnamon Spice Cinnamon Spice Cinnamon Spice Cinnamon Spice
F00000040;Feverfew Feverfew Feverfew Feverfew
F00000041;Leeks Leeks Leeks Leeks
F00000042;Bee Pollen Bee Pollen Bee Pollen Bee Pollen
F00000043;SLICE ORANGE POST MIX SLICE ORANGE POST MIX SLICE ORANGE POST MIX SLICE ORANGE POST MIX
F00000044;Brussels Sprouts Brussels Sprouts Brussels Sprouts Brussels Sprouts
F00000045;Radishes Radishes Radishes Radishes
F00000046;Saw Palmetto Saw Palmetto Saw Palmetto Saw Palmetto
F00000047;Sweet Bell Peppers Sweet Bell Peppers Sweet Bell Peppers Sweet Bell Peppers
F00000048;Ornamental Wheat Ornamental Wheat Ornamental Wheat Ornamental Wheat
F00000049;Acidophilus Acidophilus Acidophilus Acidophilus
F00000050;JUICE LEMON 4GR JUICE LEMON 4GR JUICE LEMON 4GR JUICE LEMON 4GR
F00000051;Shark Cartilage Shark Cartilage Shark Cartilage Shark Cartilage
F00000052;Chromium Picolinate Chromium Picolinate Chromium Picolinate Chromium Picolinate
F00000053;Tomatillos Tomatillos Tomatillos Tomatillos
F00000054;VINEGAR RICE MARUKAN VINEGAR RICE MARUKAN VINEGAR RICE MARUKAN VINEGAR RICE MARUKAN
F00000055;Salsify Salsify Salsify Salsify
F00000056;Bi-Color Tomatoes Bi-Color Tomatoes Bi-Color Tomatoes Bi-Color Tomatoes
F00000057;Red Tomatoes Red Tomatoes Red Tomatoes Red Tomatoes
F00000058;SANITIZER STERA SHEEN SANITIZER STERA SHEEN SANITIZER STERA SHEEN SANITIZER STERA SHEEN
F00000059;KNIFE SAFTEY COVER KNIFE SAFTEY COVER KNIFE SAFTEY COVER KNIFE SAFTEY COVER
F00000060;GRIDDLE POLISH PAD GRIDDLE POLISH PAD GRIDDLE POLISH PAD GRIDDLE POLISH PAD
F00000061;Hawthorn Berry Hawthorn Berry Hawthorn Berry Hawthorn Berry
F00000062;Brussels Sprouts Brussels Sprouts Brussels Sprouts Brussels Sprouts
F00000063;GREEN LENTILS GREEN LENTILS GREEN LENTILS GREEN LENTILS
F00000064;SOUP CR CHICKEN SOUP CR CHICKEN SOUP CR CHICKEN SOUP CR CHICKEN
F00000065;PETRO GEL PETRO GEL PETRO GEL PETRO GEL
F00000066;JERKY BEEF TERIKAKI JERKY BEEF TERIKAKI JERKY BEEF TERIKAKI JERKY BEEF TERIKAKI
F00000067;PAPERBROWN XLARGE PAPERBROWN XLARGE PAPERBROWN XLARGE PAPERBROWN XLARGE
F00000068;Chamomile Tea Chamomile Tea Chamomile Tea Chamomile Tea
F00000069;SAUCE MARINARA CUPS SAUCE MARINARA CUPS SAUCE MARINARA CUPS SAUCE MARINARA CUPS
F00000070;Pumpkins Pumpkins Pumpkins Pumpkins
F00000071;Eggplant Eggplant Eggplant Eggplant
F00000072;BAGS TWIN PACK BAGS TWIN PACK BAGS TWIN PACK BAGS TWIN PACK
F00000073;COASTERS PPR COASTERS PPR COASTERS PPR COASTERS PPR
F00000074;CANNOLI SHELLS CANNOLI SHELLS CANNOLI SHELLS CANNOLI SHELLS
F00000075;Watermelon Watermelon Watermelon Watermelon
F00000076;Goldenseal Goldenseal Goldenseal Goldenseal
F00000077;Books Books Books Books
F00000078;Winter Squash Winter Squash Winter Squash Winter Squash
F00000079;Saw Palmetto Saw Palmetto Saw Palmetto Saw Palmetto
F00000080;PEAR HALVES LT.SYRUP PEAR HALVES LT.SYRUP PEAR HALVES LT.SYRUP PEAR HALVES LT.SYRUP
F00000081;COATING CANDY APPLE COATING CANDY APPLE COATING CANDY APPLE COATING CANDY APPLE
F00000082;Elephant Garlic Elephant Garlic Elephant Garlic Elephant Garlic
F00000083;RIGATONI MEZZI RIGATONI MEZZI RIGATONI MEZZI RIGATONI MEZZI
F00000084;Pink Tomatoes Pink Tomatoes Pink Tomatoes Pink Tomatoes
F00000085;Acidophilus Acidophilus Acidophilus Acidophilus
F00000086;Emu Oil Flex-A-Cure Emu Oil Flex-A-Cure Emu Oil Flex-A-Cure Emu Oil Flex-A-Cure
F00000087;Citrin Citrin Citrin Citrin
F00000088;BUTCHER PAPER WHITE BUTCHER PAPER WHITE BUTCHER PAPER WHITE BUTCHER PAPER WHITE
F00000089;NAPKIN CALEIGHS NAPKIN CALEIGHS NAPKIN CALEIGHS NAPKIN CALEIGHS
F00000090;JUICE LEMON 4GR JUICE LEMON 4GR JUICE LEMON 4GR JUICE LEMON 4GR
F00000091;Onions Onions Onions Onions
F00000092;TOOTSIE POPS TOOTSIE POPS TOOTSIE POPS TOOTSIE POPS
F00000093;BELLS WEDDING CREPE BELLS WEDDING CREPE BELLS WEDDING CREPE BELLS WEDDING CREPE
F00000094;Rosemary Rosemary Rosemary Rosemary
F00000095;BAG COTTON CANDY PRINTED  CLOWN BAG COTTON CANDY PRINTED  CLOWN BAG COTTON CANDY PRINTED  CLOWN BAG COTTON CANDY PRINTED  CLOWN
F00000096;Small Fruited/Cherry Tomatoes Small Fruited/Cherry Tomatoes Small Fruited/Cherry Tomatoes Small Fruited/Cherry Tomatoes
F00000097;BAG COTTON CANDY PRINTED  CLOWN BAG COTTON CANDY PRINTED  CLOWN BAG COTTON CANDY PRINTED  CLOWN BAG COTTON CANDY PRINTED  CLOWN
F00000098;Cayenne Cayenne Cayenne Cayenne
F00000099;TEA DECAF ENG BREAK TEA DECAF ENG BREAK TEA DECAF ENG BREAK TEA DECAF ENG BREAK
F00000100;Japanese Green Tea Japanese Green Tea Japanese Green Tea Japanese Green Tea
F00000101;Squash Squash Squash Squash
F00000102;Rosemary Rosemary Rosemary Rosemary
F00000103;PERRIER WATER PERRIER WATER PERRIER WATER PERRIER WATER
F00000104;Elephant Garlic Elephant Garlic Elephant Garlic Elephant Garlic
F00000105;BANQUET RL WHITE BANQUET RL WHITE BANQUET RL WHITE BANQUET RL WHITE
F00000106;Squash Squash Squash Squash
F00000107;Flowers Flowers Flowers Flowers
F00000108;Canning Tomatoes Canning Tomatoes Canning Tomatoes Canning Tomatoes
F00000109;Acidophilus Acidophilus Acidophilus Acidophilus
F00000110;Sunflowers Sunflowers Sunflowers Sunflowers
F00000111;JERKY BEEF TERIKAKI JERKY BEEF TERIKAKI JERKY BEEF TERIKAKI JERKY BEEF TERIKAKI
F00000112;Posters Posters Posters Posters
F00000113;Aloe Vera Aloe Vera Aloe Vera Aloe Vera
F00000114;Tanning Accelerator Tanning Accelerator Tanning Accelerator Tanning Accelerator
F00000115;SARDINES ITALIAN SARDINES ITALIAN SARDINES ITALIAN SARDINES ITALIAN
F00000116;Bi-Color Tomatoes Bi-Color Tomatoes Bi-Color Tomatoes Bi-Color Tomatoes
F00000117;Sweet Peppers Sweet Peppers Sweet Peppers Sweet Peppers
F00000118;Bi-Color Tomatoes Bi-Color Tomatoes Bi-Color Tomatoes Bi-Color Tomatoes
F00000119;TABLE BROWN.pdf.
F00000120;Sunflowers Sunflowers Sunflowers Sunflowers
F00000121;Rutabaga Rutabaga Rutabaga Rutabaga
F00000122;CUT OUT FOOD DECO CUT OUT FOOD DECO CUT OUT FOOD DECO CUT OUT FOOD DECO
F00000123;GATORADE GLACIER ICE GATORADE GLACIER ICE GATORADE GLACIER ICE GATORADE GLACIER ICE
F00000124;SNAPPER RED SNAPPER RED SNAPPER RED SNAPPER RED
F00000125;Salsify Salsify Salsify Salsify
F00000126;Muskmelon/Cantaloupe Muskmelon/Cantaloupe Muskmelon/Cantaloupe Muskmelon/Cantaloupe
F00000127;BELLS WEDDING CREPE BELLS WEDDING CREPE BELLS WEDDING CREPE BELLS WEDDING CREPE
F00000128;Beets Beets Beets Beets
F00000129;SALMON WHOLE SALMON WHOLE SALMON WHOLE SALMON WHOLE
F00000130;Gingko Plus 4 Gingko Plus 4 Gingko Plus 4 Gingko Plus 4
F00000131;Eucamint Eucamint Eucamint Eucamint
F00000132;Red Raspberry Red Raspberry Red Raspberry Red Raspberry
F00000133;BUTCHER PAPER WHITE BUTCHER PAPER WHITE BUTCHER PAPER WHITE BUTCHER PAPER WHITE
F00000134;HOTTLE LID HOTTLE LID HOTTLE LID HOTTLE LID
F00000135;Echinacea Echinacea Echinacea Echinacea
F00000136;TABLECOVER CLOSEOUT TABLECOVER CLOSEOUT TABLECOVER CLOSEOUT TABLECOVER CLOSEOUT
F00000137;Dreams Leave-In Protein Dreams Leave-In Protein Dreams Leave-In Protein Dreams Leave-In Protein
F00000138;Books Books Books Books
F00000139;Pycnogenol Pycnogenol Pycnogenol Pycnogenol
F00000140;Chamomile Tea Chamomile Tea Chamomile Tea Chamomile Tea
F00000141;Lavender Oil Lavender Oil Lavender Oil Lavender Oil
F00000142;Slicing Cucumbers Slicing Cucumbers Slicing Cucumbers Slicing Cucumbers
F00000143;Brussels Sprouts Brussels Sprouts Brussels Sprouts Brussels Sprouts
F00000144;Sweet Peppers Sweet Peppers Sweet Peppers Sweet Peppers
F00000145;HAMBURG DILL CHIPS HAMBURG DILL CHIPS HAMBURG DILL CHIPS HAMBURG DILL CHIPS
F00000146;LINER HVY 22X14X58 BLACK LINER HVY 22X14X58 BLACK LINER HVY 22X14X58 BLACK LINER HVY 22X14X58 BLACK
F00000147;Bayberry Bayberry Bayberry Bayberry
F00000148;Emu Oil Body Cooler Emu Oil Body Cooler Emu Oil Body Cooler Emu Oil Body Cooler
F00000149;SAUCE MARINARA CUPS SAUCE MARINARA CUPS SAUCE MARINARA CUPS SAUCE MARINARA CUPS
F00000150;PEACHES SLICED PEACHES SLICED PEACHES SLICED PEACHES SLICED
F00000151;TABLE GREEN XLARGE TABLE GREEN XLARGE TABLE GREEN XLARGE TABLE GREEN XLARGE
F00000152;BROWN WRAP BROWN WRAP BROWN WRAP BROWN WRAP
F00000153;Emu Massage Cream Emu Massage Cream Emu Massage Cream Emu Massage Cream
F00000154;GATORADE FRUIT PUNCH GATORADE FRUIT PUNCH GATORADE FRUIT PUNCH GATORADE FRUIT PUNCH
F00000155;Ginseng Ginseng Ginseng Ginseng
F00000156;Lavender Oil Lavender Oil Lavender Oil Lavender Oil
F00000157;Bilberry Bilberry Bilberry Bilberry
F00000158;Chinese Cabbage Chinese Cabbage Chinese Cabbage Chinese Cabbage
F00000159;ELEPHANT GARLIC ELEPHANT GARLIC ELEPHANT GARLIC ELEPHANT GARLIC
F00000160;VINEGAR RICE MARUKAN VINEGAR RICE MARUKAN VINEGAR RICE MARUKAN VINEGAR RICE MARUKAN
F00000161;ELBOW MACARONI ELBOW MACARONI ELBOW MACARONI ELBOW MACARONI
F00000162;Liquid Luster Shampoo Liquid Luster Shampoo Liquid Luster Shampoo Liquid Luster Shampoo
F00000163;Chasteberry Tea Chasteberry Tea Chasteberry Tea Chasteberry Tea
F00000164;Chasteberry Tea Chasteberry Tea Chasteberry Tea Chasteberry Tea
F00000165;Emu Bath & Shower Gel Emu Bath & Shower Gel Emu Bath & Shower Gel Emu Bath & Shower Gel
F00000166;Chromium Picolinate Chromium Picolinate Chromium Picolinate Chromium Picolinate
F00000167;Lettuce Lettuce Lettuce Lettuce
F00000168;Gourd Seed Corn Gourd Seed Corn Gourd Seed Corn Gourd Seed Corn
F00000169;White Tomatoes White Tomatoes White Tomatoes White Tomatoes
F00000170;NAPKIN CALEIGHS NAPKIN CALEIGHS NAPKIN CALEIGHS NAPKIN CALEIGHS
F00000171;Hyssop Tea Hyssop Tea Hyssop Tea Hyssop Tea
F00000172;MOUNTAIN DEW PRE-MIX MOUNTAIN DEW PRE-MIX MOUNTAIN DEW PRE-MIX MOUNTAIN DEW PRE-MIX
F00000173;SPAGHETTI WHOLE WHEAT SPAGHETTI WHOLE WHEAT SPAGHETTI WHOLE WHEAT SPAGHETTI WHOLE WHEAT
F00000174;Dreams Re-Conditioner Dreams Re-Conditioner Dreams Re-Conditioner Dreams Re-Conditioner
F00000175;Herbal Detox Program Herbal Detox Program Herbal Detox Program Herbal Detox Program
F00000176;SPAGHETTI WHOLE WHEAT SPAGHETTI WHOLE WHEAT SPAGHETTI WHOLE WHEAT SPAGHETTI WHOLE WHEAT
F00000177;Peanuts Peanuts Peanuts Peanuts
F00000178;BAGS TWIN PACK BAGS TWIN PACK BAGS TWIN PACK BAGS TWIN PACK
F00000179;HEALTHY CHOICE PASTA HEALTHY CHOICE PASTA HEALTHY CHOICE PASTA HEALTHY CHOICE PASTA
F00000180;SANITIZER STERA SHEEN SANITIZER STERA SHEEN SANITIZER STERA SHEEN SANITIZER STERA SHEEN
F00000181;Snow Peas Snow Peas Snow Peas Snow Peas
F00000182;ELBOWS WHOLE WHEAT ELBOWS WHOLE WHEAT ELBOWS WHOLE WHEAT ELBOWS WHOLE WHEAT
F00000183;Small Fruited/Cherry Tomatoes Small Fruited/Cherry Tomatoes Small Fruited/Cherry Tomatoes Small Fruited/Cherry Tomatoes
F00000184;Cinnamon Oil Cinnamon Oil Cinnamon Oil Cinnamon Oil
F00000185;Goldenseal Goldenseal Goldenseal Goldenseal
F00000186;Ginger Root Ginger Root Ginger Root Ginger Root
F00000187;OLIVES STFD W/ANCHOVIE OLIVES STFD W/ANCHOVIE OLIVES STFD W/ANCHOVIE OLIVES STFD W/ANCHOVIE
F00000188;OIL OLIVE X VIR APULIAN OIL OLIVE X VIR APULIAN OIL OLIVE X VIR APULIAN OIL OLIVE X VIR APULIAN
F00000189;Pop Corn Pop Corn Pop Corn Pop Corn
F00000190;Chromium Picolinate Chromium Picolinate Chromium Picolinate Chromium Picolinate
F00000191;Goto Kola Goto Kola Goto Kola Goto Kola
F00000192;BAGS PRECUT BAGS PRECUT BAGS PRECUT BAGS PRECUT
F00000193;Ginger Root Ginger Root Ginger Root Ginger Root
F00000194;TABLE BROWN XLARGE TABLE BROWN XLARGE TABLE BROWN XLARGE TABLE BROWN XLARGE
F00000195;SAUCE MARINARA CUPS SAUCE MARINARA CUPS SAUCE MARINARA CUPS SAUCE MARINARA CUPS
F00000196;Ground Cherries Ground Cherries Ground Cherries Ground Cherries
F00000197;BANQUET RL WHITE BANQUET RL WHITE BANQUET RL WHITE BANQUET RL WHITE
F00000198;OLIVES STFD W/ANCHOVIE OLIVES STFD W/ANCHOVIE OLIVES STFD W/ANCHOVIE OLIVES STFD W/ANCHOVIE
F00000199;PEPSI PRE-MIX PEPSI PRE-MIX PEPSI PRE-MIX PEPSI PRE-MIX
F00000200;BAGS FOODSAVER 6-PACK BAGS FOODSAVER 6-PACK BAGS FOODSAVER 6-PACK BAGS FOODSAVER 6-PACK
F00000201;Saw Palmetto Saw Palmetto Saw Palmetto Saw Palmetto
F00000202;JUICE GRAPEFRUIT JUICE GRAPEFRUIT JUICE GRAPEFRUIT JUICE GRAPEFRUIT
F00000203;DRIED MUSHROOMS DRIED MUSHROOMS DRIED MUSHROOMS DRIED MUSHROOMS
F00000204;White Tomatoes White Tomatoes White Tomatoes White Tomatoes
F00000205;Southern/Cow Peas Southern/Cow Peas Southern/Cow Peas Southern/Cow Peas
F00000206;Rutabaga Rutabaga Rutabaga Rutabaga
F00000207;Emu Bath & Shower Gel Emu Bath & Shower Gel Emu Bath & Shower Gel Emu Bath & Shower Gel
F00000208;BEANS BLACK BEANS BLACK BEANS BLACK BEANS BLACK
F00000209;DOOR TYPE 2 GREEN MEDIUM DOOR TYPE 2 GREEN MEDIUM DOOR TYPE 2 GREEN MEDIUM DOOR TYPE 2 GREEN MEDIUM
F00000210;SANITIZER STERA SHEEN SANITIZER STERA SHEEN SANITIZER STERA SHEEN SANITIZER STERA SHEEN
F00000211;Eucalyptus Oil Eucalyptus Oil Eucalyptus Oil Eucalyptus Oil
F00000212;Ginger Root Ginger Root Ginger Root Ginger Root
F00000213;Beets Beets Beets Beets
F00000214;Cabbage Cabbage Cabbage Cabbage
F00000215;SHARK LOIN MAKO SHARK LOIN MAKO SHARK LOIN MAKO SHARK LOIN MAKO
F00000216;Bayberry Bayberry Bayberry Bayberry
F00000217;PETRO GEL PETRO GEL PETRO GEL PETRO GEL
F00000218;Aloe Vera Aloe Vera Aloe Vera Aloe Vera
F00000219;Sweet Non-Bell Peppers Sweet Non-Bell Peppers Sweet Non-Bell Peppers Sweet Non-Bell Peppers
F00000220;Blue-Green Algae Blue-Green Algae Blue-Green Algae Blue-Green Algae
F00000221;Cotton Cotton Cotton Cotton
F00000222;Chamomile Tea Chamomile Tea Chamomile Tea Chamomile Tea
F00000223;TOOTSIE POPS TOOTSIE POPS TOOTSIE POPS TOOTSIE POPS
F00000224;BOX WHITE MEDIUM BOX WHITE MEDIUM BOX WHITE MEDIUM BOX WHITE MEDIUM
F00000225;Citrin Citrin Citrin Citrin
F00000226;PEAR HALVES LT.SYRUP PEAR HALVES LT.SYRUP PEAR HALVES LT.SYRUP PEAR HALVES LT.SYRUP
F00000227;Liquid Luster Shampoo Liquid Luster Shampoo Liquid Luster Shampoo Liquid Luster Shampoo
F00000228;Okra Okra Okra Okra
F00000229;TOOTSIE POPS TOOTSIE POPS TOOTSIE POPS TOOTSIE POPS
F00000230;DRIED MUSHROOMS DRIED MUSHROOMS DRIED MUSHROOMS DRIED MUSHROOMS
F00000231;Damiana Damiana Damiana Damiana
F00000232;Broccoli Broccoli Broccoli Broccoli
F00000233;ELEPHANT GARLIC ELEPHANT GARLIC ELEPHANT GARLIC ELEPHANT GARLIC
F00000234;SKEWERS WOODEN SKEWERS WOODEN SKEWERS WOODEN SKEWERS WOODEN
F00000235;Spice Basket Spice Basket Spice Basket Spice Basket
F00000236;Slicing Cucumbers Slicing Cucumbers Slicing Cucumbers Slicing Cucumbers
F00000237;Emu Oil Body Cooler Emu Oil Body Cooler Emu Oil Body Cooler Emu Oil Body Cooler
F00000238;SKEWERS WOODEN SKEWERS WOODEN SKEWERS WOODEN SKEWERS WOODEN
F00000239;Devils Claw Devils Claw Devils Claw Devils Claw
F00000240;Speciality Beans Speciality Beans Speciality Beans Speciality Beans
F00000241;Ground Cherries Ground Cherries Ground Cherries Ground Cherries
F00000242;Cinnamon Oil Cinnamon Oil Cinnamon Oil Cinnamon Oil
F00000243;MOUNTAIN DEW PRE-MIX MOUNTAIN DEW PRE-MIX MOUNTAIN DEW PRE-MIX MOUNTAIN DEW PRE-MIX
F00000244;Tomatillos Tomatillos Tomatillos Tomatillos
F00000245;Peppermint Oil Peppermint Oil Peppermint Oil Peppermint Oil
F00000246;RAISIN COOKIE FILLED RAISIN COOKIE FILLED RAISIN COOKIE FILLED RAISIN COOKIE FILLED
F00000247;Kava Kava Kava Kava Kava Kava Kava Kava
F00000248;DRIED MUSHROOMS DRIED MUSHROOMS DRIED MUSHROOMS DRIED MUSHROOMS
F00000249;Dry Blub Onions Dry Blub Onions Dry Blub Onions Dry Blub Onions
F00000250;Cinnamon Oil Cinnamon Oil Cinnamon Oil Cinnamon Oil
F00000251;FUEL HANDY GEL FUEL HANDY GEL FUEL HANDY GEL FUEL HANDY GEL
F00000252;Hardneck Garlic Hardneck Garlic Hardneck Garlic Hardneck Garlic
F00000253;Herbal Tea Basket Herbal Tea Basket Herbal Tea Basket Herbal Tea Basket
F00000254;Tomatillos Tomatillos Tomatillos Tomatillos
F00000255;Pycnogenol Pycnogenol Pycnogenol Pycnogenol
F00000256;BINS WATERMELON BINS WATERMELON BINS WATERMELON BINS WATERMELON
F00000257;CUT OUT FOOD DECO CUT OUT FOOD DECO CUT OUT FOOD DECO CUT OUT FOOD DECO
F00000258;Healthy Heart Healthy Heart Healthy Heart Healthy Heart
F00000259;NAPKIN CALEIGHS NAPKIN CALEIGHS NAPKIN CALEIGHS NAPKIN CALEIGHS
F00000260;Hair Glow Hair Glow Hair Glow Hair Glow
F00000261;Red Raspberry Red Raspberry Red Raspberry Red Raspberry
F00000262;Muskmelon/Cantaloupe Muskmelon/Cantaloupe Muskmelon/Cantaloupe Muskmelon/Cantaloupe
F00000263;PEAR HALVES LT.SYRUP PEAR HALVES LT.SYRUP PEAR HALVES LT.SYRUP PEAR HALVES LT.SYRUP
F00000264;Bi-Color Tomatoes Bi-Color Tomatoes Bi-Color Tomatoes Bi-Color Tomatoes
F00000265;Red Tomatoes Red Tomatoes Red Tomatoes Red Tomatoes
F00000266;CUT OUT FOOD DECO CUT OUT FOOD DECO CUT OUT FOOD DECO CUT OUT FOOD DECO
F00000267;Books Books Books Books
F00000268;FO-TI FO-TI FO-TI FO-TI
F00000269;Dent Corn Dent Corn Dent Corn Dent Corn
F00000270;Peppermint Oil Peppermint Oil Peppermint Oil Peppermint Oil
F00000271;Yucca Root Yucca Root Yucca Root Yucca Root
F00000272;DESSERT SLEEVES MIXED COLORS DESSERT SLEEVES MIXED COLORS DESSERT SLEEVES MIXED COLORS DESSERT SLEEVES MIXED COLORS
F00000273;WATER DASANI BTL WATER DASANI BTL WATER DASANI BTL WATER DASANI BTL
F00000274;OLIVE MIST COATING OLIVE MIST COATING OLIVE MIST COATING OLIVE MIST COATING
F00000275;Red Raspberry Red Raspberry Red Raspberry Red Raspberry
F00000276;Rosemary Rosemary Rosemary Rosemary
F00000277;Lima Beans Lima Beans Lima Beans Lima Beans
F00000278;Damiana Damiana Damiana Damiana
F00000279;Dreams Away Headache Cream Dreams Away Headache Cream Dreams Away Headache Cream Dreams Away Headache Cream
F00000280;Hardneck Garlic Hardneck Garlic Hardneck Garlic Hardneck Garlic
F00000281;Celery Celery Celery Celery
F00000282;TACO SEASONING MIX TACO SEASONING MIX TACO SEASONING MIX TACO SEASONING MIX
F00000283;Bright Eye Blend Bright Eye Blend Bright Eye Blend Bright Eye Blend
F00000284;DOOR WHITE MEDIUM DOOR WHITE MEDIUM DOOR WHITE MEDIUM DOOR WHITE MEDIUM
F00000285;Super Herb Diet Formula Super Herb Diet Formula Super Herb Diet Formula Super Herb Diet Formula
F00000286;DHEA DHEA DHEA DHEA
F00000287;Softneck (Braidable) Garlic Softneck (Braidable) Garlic Softneck (Braidable) Garlic Softneck (Braidable) Garlic
F00000288;LINER CAKE LINER CAKE LINER CAKE LINER CAKE
F00000289;TEA NESTEA TEA NESTEA TEA NESTEA TEA NESTEA
F00000290;CLAMS MINCED GORTON CLAMS MINCED GORTON CLAMS MINCED GORTON CLAMS MINCED GORTON
F00000291;TABLECOVER CLOSEOUT TABLECOVER CLOSEOUT TABLECOVER CLOSEOUT TABLECOVER CLOSEOUT
F00000292;Cabbage Cabbage Cabbage Cabbage
F00000293;Cinnamon Oil Cinnamon Oil Cinnamon Oil Cinnamon Oil
F00000294;FUEL HANDY GEL FUEL HANDY GEL FUEL HANDY GEL FUEL HANDY GEL
F00000295;PEAR HALVES PEAR HALVES PEAR HALVES PEAR HALVES
F00000296;Cat's Claw Cat's Claw Cat's Claw Cat's Claw
F00000297;HAMBURG DILL CHIPS HAMBURG DILL CHIPS HAMBURG DILL CHIPS HAMBURG DILL CHIPS
F00000298;Garlic Garlic Garlic Garlic
F00000299;Emu Massage Cream Emu Massage Cream Emu Massage Cream Emu Massage Cream
F00000300;Softneck (Braidable) Garlic Softneck (Braidable) Garlic Softneck (Braidable) Garlic Softneck (Braidable) Garlic
F00000301;Liquid Luster Shampoo Liquid Luster Shampoo Liquid Luster Shampoo Liquid Luster Shampoo
F00000302;FO-TI FO-TI FO-TI FO-TI
F00000303;WATER DASANI BTL WATER DASANI BTL WATER DASANI BTL WATER DASANI BTL
F00000304;Beans Beans Beans Beans
F00000305;BINS WATERMELON BINS WATERMELON BINS WATERMELON BINS WATERMELON
F00000306;Glucosamine Sulfate Glucosamine Sulfate Glucosamine Sulfate Glucosamine Sulfate
F00000307;SALMON WHOLE SALMON WHOLE SALMON WHOLE SALMON WHOLE
F00000308;BINS WATERMELON BINS WATERMELON BINS WATERMELON BINS WATERMELON
F00000309;Bilberry Bilberry Bilberry Bilberry
F00000310;SARDINES ITALIAN SARDINES ITALIAN SARDINES ITALIAN SARDINES ITALIAN
F00000311;White Tomatoes White Tomatoes White Tomatoes White Tomatoes
F00000312;ELEPHANT GARLIC ELEPHANT GARLIC ELEPHANT GARLIC ELEPHANT GARLIC
F00000313;OIL OLIVE X VIR APULIAN OIL OLIVE X VIR APULIAN OIL OLIVE X VIR APULIAN OIL OLIVE X VIR APULIAN
F00000314;Watermelon Watermelon Watermelon Watermelon
F00000315;GARLIC MIST AERO GARLIC MIST AERO GARLIC MIST AERO GARLIC MIST AERO
F00000316;Barley Grass Barley Grass Barley Grass Barley Grass
F00000317;RIGATONI MEZZI RIGATONI MEZZI RIGATONI MEZZI RIGATONI MEZZI
F00000318;TOBBLER MILK CHOC MED BAR TOBBLER MILK CHOC MED BAR TOBBLER MILK CHOC MED BAR TOBBLER MILK CHOC MED BAR
F00000319;Sweet Non-Bell Peppers Sweet Non-Bell Peppers Sweet Non-Bell Peppers Sweet Non-Bell Peppers
F00000320;BEANS BLACK BEANS BLACK BEANS BLACK BEANS BLACK
F00000321;Eucamint Eucamint Eucamint Eucamint
F00000322;Bilberry Bilberry Bilberry Bilberry
F00000323;Collards Collards Collards Collards
F00000324;Cinnamon Oil Cinnamon Oil Cinnamon Oil Cinnamon Oil
F00000325;DESSERT SLEEVES BLUE DESSERT SLEEVES BLUE DESSERT SLEEVES BLUE DESSERT SLEEVES BLUE
F00000326;HEINZ TARRAGON VINEGAR HEINZ TARRAGON VINEGAR HEINZ TARRAGON VINEGAR HEINZ TARRAGON VINEGAR
F00000327;Premier Bath Pak Premier Bath Pak Premier Bath Pak Premier Bath Pak
F00000328;Celery Celery Celery Celery
F00000329;Ground Cherries Ground Cherries Ground Cherries Ground Cherries
F00000330;JUICE GRAPEFRUIT JUICE GRAPEFRUIT JUICE GRAPEFRUIT JUICE GRAPEFRUIT
F00000331;Liquid Gold Styling Glaze Liquid Gold Styling Glaze Liquid Gold Styling Glaze Liquid Gold Styling Glaze
F00000332;Leeks Leeks Leeks Leeks
F00000333;Summer Squash Summer Squash Summer Squash Summer Squash
F00000334;Almond Oil Almond Oil Almond Oil Almond Oil
F00000335;Peanuts Peanuts Peanuts Peanuts
F00000336;Flowers Flowers Flowers Flowers
F00000337;Echinacea Echinacea Echinacea Echinacea
F00000338;Garlic Garlic Garlic Garlic
F00000339;TEA DECAF ENG BREAK TEA DECAF ENG BREAK TEA DECAF ENG BREAK TEA DECAF ENG BREAK
F00000340;Collards Collards Collards Collards
F00000341;Almond Oil Almond Oil Almond Oil Almond Oil
F00000342;BEEF JERKY ORIGINAL BEEF JERKY ORIGINAL BEEF JERKY ORIGINAL BEEF JERKY ORIGINAL
F00000343;Devils Claw Devils Claw Devils Claw Devils Claw
F00000344;BAGS FOODSAVER 6-PACK BAGS FOODSAVER 6-PACK BAGS FOODSAVER 6-PACK BAGS FOODSAVER 6-PACK
F00000345;Kale Kale Kale Kale
F00000346;Aloe Vera Aloe Vera Aloe Vera Aloe Vera
F00000347;Emu Body Lotion Emu Body Lotion Emu Body Lotion Emu Body Lotion
F00000348;NAPKIN CALEIGHS NAPKIN CALEIGHS NAPKIN CALEIGHS NAPKIN CALEIGHS
F00000349;Herbal Detox Program Herbal Detox Program Herbal Detox Program Herbal Detox Program
F00000350;TOOTSIE POPS TOOTSIE POPS TOOTSIE POPS TOOTSIE POPS
F00000351;BEVNAPS ROYAL BLUE BEVNAPS ROYAL BLUE BEVNAPS ROYAL BLUE BEVNAPS ROYAL BLUE
F00000352;MOUNTAIN DEW PRE-MIX MOUNTAIN DEW PRE-MIX MOUNTAIN DEW PRE-MIX MOUNTAIN DEW PRE-MIX
F00000353;Books Books Books Books
F00000354;Sunflowers Sunflowers Sunflowers Sunflowers
F00000355;MEZZI RIGATONI MEZZI RIGATONI MEZZI RIGATONI MEZZI RIGATONI
F00000356;Slicing Cucumbers Slicing Cucumbers Slicing Cucumbers Slicing Cucumbers
F00000357;Hardneck Garlic Hardneck Garlic Hardneck Garlic Hardneck Garlic
F00000358;Cucumbers Cucumbers Cucumbers Cucumbers
F00000359;Storage Tomatoes Storage Tomatoes Storage Tomatoes Storage Tomatoes
F00000360;Gourds Gourds Gourds Gourds
F00000361;Tanning Accelerator Tanning Accelerator Tanning Accelerator Tanning Accelerator
F00000362;PEPPERS RED DRY STRING PEPPERS RED DRY STRING PEPPERS RED DRY STRING PEPPERS RED DRY STRING
F00000363;VINEGAR RICE MARUKAN VINEGAR RICE MARUKAN VINEGAR RICE MARUKAN VINEGAR RICE MARUKAN
F00000364;Garlic Garlic Garlic Garlic
F00000365;BOX BLUE LARGE BOX BLUE LARGE BOX BLUE LARGE BOX BLUE LARGE
F00000366;Spice Basket Spice Basket Spice Basket Spice Basket
F00000367;Tomatillos Tomatillos Tomatillos Tomatillos
F00000368;Broccoli Broccoli Broccoli Broccoli
F00000369;Sunflowers Sunflowers Sunflowers Sunflowers
F00000370;Celery Celery Celery Celery
F00000371;Pumpkins Pumpkins Pumpkins Pumpkins
F00000372;KNIFE SAFTEY COVER KNIFE SAFTEY COVER KNIFE SAFTEY COVER KNIFE SAFTEY COVER
F00000373;COATING CANDY APPLE COATING CANDY APPLE COATING CANDY APPLE COATING CANDY APPLE
F00000374;Hawthorn Berry Hawthorn Berry Hawthorn Berry Hawthorn Berry
F00000375;KNIFE SAFTEY COVER KNIFE SAFTEY COVER KNIFE SAFTEY COVER KNIFE SAFTEY COVER
F00000376;Perennial Onions Perennial Onions Perennial Onions Perennial Onions
F00000377;Chickweed Chickweed Chickweed Chickweed
F00000378;SAUCE MARINARA CUPS SAUCE MARINARA CUPS SAUCE MARINARA CUPS SAUCE MARINARA CUPS
F00000379;Pickling Cucumbers Pickling Cucumbers Pickling Cucumbers Pickling Cucumbers
F00000380;BUTCHER PAPER WHITE BUTCHER PAPER WHITE BUTCHER PAPER WHITE BUTCHER PAPER WHITE
F00000381;Peppermint Leaf Peppermint Leaf Peppermint Leaf Peppermint Leaf
F00000382;SOUP VEGETABLE SOUP VEGETABLE SOUP VEGETABLE SOUP VEGETABLE
F00000383;Healthy Heart Healthy Heart Healthy Heart Healthy Heart
F00000384;Goto Kola Goto Kola Goto Kola Goto Kola
F00000385;BAGS PRECUT BAGS PRECUT BAGS PRECUT BAGS PRECUT
F00000386;SOUP VEGETABLE SOUP VEGETABLE SOUP VEGETABLE SOUP VEGETABLE
F00000387;Cayenne Plus Cayenne Plus Cayenne Plus Cayenne Plus
F00000388;Chasteberry Tea Chasteberry Tea Chasteberry Tea Chasteberry Tea
F00000389;Noni Fruit Noni Fruit Noni Fruit Noni Fruit
F00000390;GARLIC MIST AERO GARLIC MIST AERO GARLIC MIST AERO GARLIC MIST AERO
F00000391;GARLIC MIST AERO GARLIC MIST AERO GARLIC MIST AERO GARLIC MIST AERO
F00000392;SARDINES ITALIAN SARDINES ITALIAN SARDINES ITALIAN SARDINES ITALIAN
F00000393;Leeks Leeks Leeks Leeks
F00000394;Bilberry Bilberry Bilberry Bilberry
F00000395;Leeks Leeks Leeks Leeks
F00000396;BEVERAGE CUP BEVERAGE CUP BEVERAGE CUP BEVERAGE CUP
F00000397;Celery Celery Celery Celery
F00000398;KODAK CAMERA KODAK CAMERA KODAK CAMERA KODAK CAMERA
F00000399;BISCOTTI VARIETY 4PK BISCOTTI VARIETY 4PK BISCOTTI VARIETY 4PK BISCOTTI VARIETY 4PK
F00000400;GREEN LENTILS GREEN LENTILS GREEN LENTILS GREEN LENTILS
F00000401;Snap Peas Snap Peas Snap Peas Snap Peas
F00000402;PERRIER WATER PERRIER WATER PERRIER WATER PERRIER WATER
F00000403;SANITIZER PK SANISURE SANITIZER PK SANISURE SANITIZER PK SANISURE SANITIZER PK SANISURE
F00000404;HEALTHY CHOICE PASTA HEALTHY CHOICE PASTA HEALTHY CHOICE PASTA HEALTHY CHOICE PASTA
F00000405;Damiana Damiana Damiana Damiana
F00000406;Goto Kola Goto Kola Goto Kola Goto Kola
F00000407;PEAR HALVES PEAR HALVES PEAR HALVES PEAR HALVES
F00000408;Pumpkins Pumpkins Pumpkins Pumpkins
F00000409;SPAGHETTI WHOLE WHEAT SPAGHETTI WHOLE WHEAT SPAGHETTI WHOLE WHEAT SPAGHETTI WHOLE WHEAT
F00000410;BEEF JERKY ORIGINAL BEEF JERKY ORIGINAL BEEF JERKY ORIGINAL BEEF JERKY ORIGINAL
F00000411;ROCK CNDY SWIZZLE ROCK CNDY SWIZZLE ROCK CNDY SWIZZLE ROCK CNDY SWIZZLE
F00000412;Snap Pole Beans Snap Pole Beans Snap Pole Beans Snap Pole Beans
F00000413;Pop Corn Pop Corn Pop Corn Pop Corn
F00000414;ALMONDS RED COATED ALMONDS RED COATED ALMONDS RED COATED ALMONDS RED COATED
F00000415;Ground Cherries Ground Cherries Ground Cherries Ground Cherries
F00000416;Ginger Root Ginger Root Ginger Root Ginger Root
F00000417;SPAGHETTI WHOLE WHEAT SPAGHETTI WHOLE WHEAT SPAGHETTI WHOLE WHEAT SPAGHETTI WHOLE WHEAT
F00000418;Tanning Accelerator Tanning Accelerator Tanning Accelerator Tanning Accelerator
F00000419;BAGS FOODSAVER 6-PACK BAGS FOODSAVER 6-PACK BAGS FOODSAVER 6-PACK BAGS FOODSAVER 6-PACK
F00000420;SANITIZER PK SANISURE SANITIZER PK SANISURE SANITIZER PK SANISURE SANITIZER PK SANISURE
F00000421;Sweet Bell Peppers Sweet Bell Peppers Sweet Bell Peppers Sweet Bell Peppers
F00000422;BLUE SALAD BOWL BLUE SALAD BOWL BLUE SALAD BOWL BLUE SALAD BOWL
F00000423;Premier Bath Pak Premier Bath Pak Premier Bath Pak Premier Bath Pak
F00000424;Bayberry Bayberry Bayberry Bayberry
F00000425;Muskmelon/Cantaloupe Muskmelon/Cantaloupe Muskmelon/Cantaloupe Muskmelon/Cantaloupe
F00000426;Red Raspberry Red Raspberry Red Raspberry Red Raspberry
F00000427;Damiana Damiana Damiana Damiana
F00000428;LA VIE NICESKISES LA VIE NICESKISES LA VIE NICESKISES LA VIE NICESKISES
F00000429;Grapeseed Oil Grapeseed Oil Grapeseed Oil Grapeseed Oil
F00000430;OLIVES STFD QN STAR OLIVES STFD QN STAR OLIVES STFD QN STAR OLIVES STFD QN STAR
F00000431;Shell Peas Shell Peas Shell Peas Shell Peas
F00000432;Emu Magic Eyes Emu Magic Eyes Emu Magic Eyes Emu Magic Eyes
F00000433;Books Books Books Books
F00000434;Collards Collards Collards Collards
F00000435;Kale Kale Kale Kale
F00000436;Spinach Spinach Spinach Spinach
F00000437;APPLE GRANNY SMITH APPLE GRANNY SMITH APPLE GRANNY SMITH APPLE GRANNY SMITH
F00000438;Onions Onions Onions Onions
F00000439;PEACHES SLICED PEACHES SLICED PEACHES SLICED PEACHES SLICED
F00000440;TEA GREEN BAGS BOX TEA GREEN BAGS BOX TEA GREEN BAGS BOX TEA GREEN BAGS BOX
F00000441;Cinnamon Spice Cinnamon Spice Cinnamon Spice Cinnamon Spice
F00000442;TOOTSIE POPS TOOTSIE POPS TOOTSIE POPS TOOTSIE POPS
F00000443;COATING CANDY APPLE COATING CANDY APPLE COATING CANDY APPLE COATING CANDY APPLE
F00000444;BELLS WEDDING CREPE BELLS WEDDING CREPE BELLS WEDDING CREPE BELLS WEDDING CREPE
F00000445;SPAGHETTI WHOLE WHEAT SPAGHETTI WHOLE WHEAT SPAGHETTI WHOLE WHEAT SPAGHETTI WHOLE WHEAT
F00000446;Saw Palmetto Saw Palmetto Saw Palmetto Saw Palmetto
F00000447;Dry Blub Onions Dry Blub Onions Dry Blub Onions Dry Blub Onions
F00000448;Beets Beets Beets Beets
F00000449;Supplies Supplies Supplies Supplies
F00000450;GATORADE ORANGE GATORADE ORANGE GATORADE ORANGE GATORADE ORANGE
F00000451;Goto Kola Goto Kola Goto Kola Goto Kola
F00000452;Emu Body Lotion Emu Body Lotion Emu Body Lotion Emu Body Lotion
F00000453;GRIDDLE POLISH PAD GRIDDLE POLISH PAD GRIDDLE POLISH PAD GRIDDLE POLISH PAD
F00000454;Red Tomatoes Red Tomatoes Red Tomatoes Red Tomatoes
F00000455;LA VIE NICESKISES LA VIE NICESKISES LA VIE NICESKISES LA VIE NICESKISES
F00000456;ELBOWS WHOLE WHEAT ELBOWS WHOLE WHEAT ELBOWS WHOLE WHEAT ELBOWS WHOLE WHEAT
F00000457;Premier Bath Pak Premier Bath Pak Premier Bath Pak Premier Bath Pak
F00000458;Snap Bush Beans Snap Bush Beans Snap Bush Beans Snap Bush Beans
F00000459;JERKY BEEF TERIKAKI JERKY BEEF TERIKAKI JERKY BEEF TERIKAKI JERKY BEEF TERIKAKI
F00000460;TOBBLER MILK CHOC MED BAR TOBBLER MILK CHOC MED BAR TOBBLER MILK CHOC MED BAR TOBBLER MILK CHOC MED BAR
F00000461;Snap Pole Beans Snap Pole Beans Snap Pole Beans Snap Pole Beans
F00000462;Celery Celery Celery Celery
F00000463;DESSERT SLEEVES ORANGE DESSERT SLEEVES ORANGE DESSERT SLEEVES ORANGE DESSERT SLEEVES ORANGE
F00000464;Chickweed Chickweed Chickweed Chickweed
F00000465;Pink Tomatoes Pink Tomatoes Pink Tomatoes Pink Tomatoes
F00000466;Dandelion Dandelion Dandelion Dandelion
F00000467;Super Herb Diet Formula Super Herb Diet Formula Super Herb Diet Formula Super Herb Diet Formula
F00000468;Rosemary Rosemary Rosemary Rosemary
F00000469;COFFEE FILTER LARGE COFFEE FILTER LARGE COFFEE FILTER LARGE COFFEE FILTER LARGE
F00000470;Ornamental Wheat Ornamental Wheat Ornamental Wheat Ornamental Wheat
F00000471;Goto Kola Goto Kola Goto Kola Goto Kola
F00000472;OIL OLIVE X VIR APULIAN OIL OLIVE X VIR APULIAN OIL OLIVE X VIR APULIAN OIL OLIVE X VIR APULIAN
F00000473;Peppermint Leaf Peppermint Leaf Peppermint Leaf Peppermint Leaf
F00000474;COOKING WINE RED BURGUNDY COOKING WINE RED BURGUNDY COOKING WINE RED BURGUNDY COOKING WINE RED BURGUNDY
F00000475;MEZZI RIGATONI MEZZI RIGATONI MEZZI RIGATONI MEZZI RIGATONI
F00000476;HAM HOCKS HAM HOCKS HAM HOCKS HAM HOCKS
F00000477;Herbal Detox Program Herbal Detox Program Herbal Detox Program Herbal Detox Program
F00000478;Sunflowers Sunflowers Sunflowers Sunflowers
F00000479;MEZZI RIGATONI MEZZI RIGATONI MEZZI RIGATONI MEZZI RIGATONI
F00000480;TABLE BLUE LARGE TABLE BLUE LARGE TABLE BLUE LARGE TABLE BLUE LARGE
F00000481;Broccoli Broccoli Broccoli Broccoli
F00000482;SWEETENER NATRA TASTE SWEETENER NATRA TASTE SWEETENER NATRA TASTE SWEETENER NATRA TASTE
F00000483;Watermelon Watermelon Watermelon Watermelon
F00000484;Ginseng Ginseng Ginseng Ginseng
F00000485;MOUNTAIN DEW PRE-MIX MOUNTAIN DEW PRE-MIX MOUNTAIN DEW PRE-MIX MOUNTAIN DEW PRE-MIX
F00000486;Damiana Damiana Damiana Damiana
F00000487;GATORADE ORANGE GATORADE ORANGE GATORADE ORANGE GATORADE ORANGE
F00000488;Peas Peas Peas Peas
F00000489;SANITIZER PK SANISURE SANITIZER PK SANISURE SANITIZER PK SANISURE SANITIZER PK SANISURE
F00000490;Carrots Carrots Carrots Carrots
F00000491;APPLE GRANNY SMITH APPLE GRANNY SMITH APPLE GRANNY SMITH APPLE GRANNY SMITH
F00000492;Summer Squash Summer Squash Summer Squash Summer Squash
F00000493;BEVNAPS ROYAL BLUE BEVNAPS ROYAL BLUE BEVNAPS ROYAL BLUE BEVNAPS ROYAL BLUE
F00000494;Corn Corn Corn Corn
F00000495;LINER CAKE LINER CAKE LINER CAKE LINER CAKE
F00000496;BAGS PRECUT BAGS PRECUT BAGS PRECUT BAGS PRECUT
F00000497;Small Fruited/Cherry Tomatoes Small Fruited/Cherry Tomatoes Small Fruited/Cherry Tomatoes Small Fruited/Cherry Tomatoes
F00000498;Gourds Gourds Gourds Gourds
F00000499;VINEGAR RICE MARUKAN VINEGAR RICE MARUKAN VINEGAR RICE MARUKAN VINEGAR RICE MARUKAN
F00000500;Spice Basket Spice Basket Spice Basket Spice Basket
F00000501;GATORADE ORANGE GATORADE ORANGE GATORADE ORANGE GATORADE ORANGE
F00000502;Emu Oil Flex-A-Cure Emu Oil Flex-A-Cure Emu Oil Flex-A-Cure Emu Oil Flex-A-Cure
F00000503;Dry Blub Onions Dry Blub Onions Dry Blub Onions Dry Blub Onions
F00000504;GRID CLAMP GRID CLAMP GRID CLAMP GRID CLAMP
F00000505;Grape Seed Grape Seed Grape Seed Grape Seed
F00000506;Emu Massage Cream Emu Massage Cream Emu Massage Cream Emu Massage Cream
F00000507;Citrin Citrin Citrin Citrin
F00000508;Sweet Bell Peppers Sweet Bell Peppers Sweet Bell Peppers Sweet Bell Peppers
F00000509;Cayenne Cayenne Cayenne Cayenne
F00000510;Small Fruited/Cherry Tomatoes Small Fruited/Cherry Tomatoes Small Fruited/Cherry Tomatoes Small Fruited/Cherry Tomatoes
F00000511;CLAMS MINCED GORTON CLAMS MINCED GORTON CLAMS MINCED GORTON CLAMS MINCED GORTON
F00000512;TEA NESTEA TEA NESTEA TEA NESTEA TEA NESTEA
F00000513;Red Raspberry Red Raspberry Red Raspberry Red Raspberry
F00000514;Ginkgo Biloba Ginkgo Biloba Ginkgo Biloba Ginkgo Biloba
F00000515;Cotton Cotton Cotton Cotton
F00000516;Kava Kava Kava Kava Kava Kava Kava Kava
F00000517;Ground Cherries Ground Cherries Ground Cherries Ground Cherries
F00000518;Bee Pollen Bee Pollen Bee Pollen Bee Pollen
F00000519;PUDDING VANILLA DEAN PUDDING VANILLA DEAN PUDDING VANILLA DEAN PUDDING VANILLA DEAN
F00000520;Lima Beans Lima Beans Lima Beans Lima Beans
F00000521;Lavender Oil Lavender Oil Lavender Oil Lavender Oil
F00000522;BANQUET RL WHITE BANQUET RL WHITE BANQUET RL WHITE BANQUET RL WHITE
F00000523;VANILLA BUTTERNUT VANILLA BUTTERNUT VANILLA BUTTERNUT VANILLA BUTTERNUT
F00000524;Apple Cider Vinegar Apple Cider Vinegar Apple Cider Vinegar Apple Cider Vinegar
F00000525;Peppermint Leaf Peppermint Leaf Peppermint Leaf Peppermint Leaf
F00000526;Storage Tomatoes Storage Tomatoes Storage Tomatoes Storage Tomatoes
F00000527;Emu Bath & Shower Gel Emu Bath & Shower Gel Emu Bath & Shower Gel Emu Bath & Shower Gel
F00000528;Tea Tree Oil Tea Tree Oil Tea Tree Oil Tea Tree Oil
F00000529;Emu Magic Eyes Emu Magic Eyes Emu Magic Eyes Emu Magic Eyes
F00000530;ORANGES MANDARIN ORANGES MANDARIN ORANGES MANDARIN ORANGES MANDARIN
F00000531;Purple Tomatoes Purple Tomatoes Purple Tomatoes Purple Tomatoes
F00000532;HEALTHY CHOICE PASTA HEALTHY CHOICE PASTA HEALTHY CHOICE PASTA HEALTHY CHOICE PASTA
F00000533;Pumpkins Pumpkins Pumpkins Pumpkins
F00000534;Peppers Peppers Peppers Peppers
F00000535;Herbal Detox Program Herbal Detox Program Herbal Detox Program Herbal Detox Program
F00000536;Slicing Cucumbers Slicing Cucumbers Slicing Cucumbers Slicing Cucumbers
F00000537;Softneck (Braidable) Garlic Softneck (Braidable) Garlic Softneck (Braidable) Garlic Softneck (Braidable) Garlic
F00000538;TEA DECAF ENG BREAK TEA DECAF ENG BREAK TEA DECAF ENG BREAK TEA DECAF ENG BREAK
F00000539;Gourds Gourds Gourds Gourds
F00000540;Eucalyptus Oil Eucalyptus Oil Eucalyptus Oil Eucalyptus Oil
F00000541;PUDDING VANILLA DEAN PUDDING VANILLA DEAN PUDDING VANILLA DEAN PUDDING VANILLA DEAN
F00000542;BISCUITS CHAMPAGNE BISCUITS CHAMPAGNE BISCUITS CHAMPAGNE BISCUITS CHAMPAGNE
F00000543;PUDDING VANILLA DEAN PUDDING VANILLA DEAN PUDDING VANILLA DEAN PUDDING VANILLA DEAN
F00000544;TEA DECAF APRICOT TEA DECAF APRICOT TEA DECAF APRICOT TEA DECAF APRICOT
F00000545;Glucosamine Sulfate Glucosamine Sulfate Glucosamine Sulfate Glucosamine Sulfate
F00000546;My Helping Heart My Helping Heart My Helping Heart My Helping Heart
F00000547;Dandelion Dandelion Dandelion Dandelion
F00000548;Flowers Flowers Flowers Flowers
F00000549;Dreams Re-Conditioner Dreams Re-Conditioner Dreams Re-Conditioner Dreams Re-Conditioner
F00000550;Grape Seed Grape Seed Grape Seed Grape Seed
F00000551;Healthy Heart Healthy Heart Healthy Heart Healthy Heart
F00000552;Speciality Beans Speciality Beans Speciality Beans Speciality Beans
F00000553;CHIP DISH SHELL CHIP DISH SHELL CHIP DISH SHELL CHIP DISH SHELL
F00000554;Chromium Picolinate Chromium Picolinate Chromium Picolinate Chromium Picolinate
F00000555;Flower Bulbs Flower Bulbs Flower Bulbs Flower Bulbs
F00000556;Cauliflower Cauliflower Cauliflower Cauliflower
F00000557;BINS WATERMELON BINS WATERMELON BINS WATERMELON BINS WATERMELON
F00000558;ELBOWS WHOLE WHEAT ELBOWS WHOLE WHEAT ELBOWS WHOLE WHEAT ELBOWS WHOLE WHEAT
F00000559;COFFEE FILTER LARGE COFFEE FILTER LARGE COFFEE FILTER LARGE COFFEE FILTER LARGE
F00000560;Beets Beets Beets Beets
F00000561;Citrin Citrin Citrin Citrin
F00000562;Sausalito Spice Tea Sausalito Spice Tea Sausalito Spice Tea Sausalito Spice Tea
F00000563;DRIED MUSHROOMS DRIED MUSHROOMS DRIED MUSHROOMS DRIED MUSHROOMS
F00000564;Summer Squash Summer Squash Summer Squash Summer Squash
F00000565;GRID CLAMP GRID CLAMP GRID CLAMP GRID CLAMP
F00000566;Dong Quai Dong Quai Dong Quai Dong Quai
F00000567;Liquid Gold Styling Glaze Liquid Gold Styling Glaze Liquid Gold Styling Glaze Liquid Gold Styling Glaze
F00000568;ALMONDS RED COATED ALMONDS RED COATED ALMONDS RED COATED ALMONDS RED COATED
F00000569;SLICE ORANGE POST MIX SLICE ORANGE POST MIX SLICE ORANGE POST MIX SLICE ORANGE POST MIX
F00000570;TEA DECAF ENG BREAK TEA DECAF ENG BREAK TEA DECAF ENG BREAK TEA DECAF ENG BREAK
F00000571;Aloe Vera Aloe Vera Aloe Vera Aloe Vera
F00000572;Healthy Heart Healthy Heart Healthy Heart Healthy Heart
F00000573;Turnips Turnips Turnips Turnips
F00000574;Shark Cartilage Shark Cartilage Shark Cartilage Shark Cartilage
F00000575;Cayenne Cayenne Cayenne Cayenne
F00000576;DOOR RED SMALL DOOR RED SMALL DOOR RED SMALL DOOR RED SMALL
F00000577;Broccoli Broccoli Broccoli Broccoli
F00000578;CANNOLI SHELLS CANNOLI SHELLS CANNOLI SHELLS CANNOLI SHELLS
F00000579;Spinach Spinach Spinach Spinach
F00000580;BEEF JERKY ORIGINAL BEEF JERKY ORIGINAL BEEF JERKY ORIGINAL BEEF JERKY ORIGINAL
F00000581;Feverfew Feverfew Feverfew Feverfew
F00000582;ARTICHOKE HEARTS ARTICHOKE HEARTS ARTICHOKE HEARTS ARTICHOKE HEARTS
F00000583;Supplies Supplies Supplies Supplies
F00000584;Pickling Cucumbers Pickling Cucumbers Pickling Cucumbers Pickling Cucumbers
F00000585;Emu Magic Eyes Emu Magic Eyes Emu Magic Eyes Emu Magic Eyes
F00000586;Chasteberry Tea Chasteberry Tea Chasteberry Tea Chasteberry Tea
F00000587;Barley Grass Barley Grass Barley Grass Barley Grass
F00000588;TEA GREEN BAGS BOX TEA GREEN BAGS BOX TEA GREEN BAGS BOX TEA GREEN BAGS BOX
F00000589;Dent Corn Dent Corn Dent Corn Dent Corn
F00000590;Softneck (Braidable) Garlic Softneck (Braidable) Garlic Softneck (Braidable) Garlic Softneck (Braidable) Garlic
F00000591;Gingko Plus 4 Gingko Plus 4 Gingko Plus 4 Gingko Plus 4
F00000592;SPAGHETTI WHOLE WHEAT SPAGHETTI WHOLE WHEAT SPAGHETTI WHOLE WHEAT SPAGHETTI WHOLE WHEAT
F00000593;Parsley Parsley Parsley Parsley
F00000594;Eucamint Eucamint Eucamint Eucamint
F00000595;Onions Onions Onions Onions
F00000596;HOTTLE LID HOTTLE LID HOTTLE LID HOTTLE LID
F00000597;Chasteberry Tea Chasteberry Tea Chasteberry Tea Chasteberry Tea
F00000598;HEALTHY CHOICE PASTA HEALTHY CHOICE PASTA HEALTHY CHOICE PASTA HEALTHY CHOICE PASTA
F00000599;Leeks Leeks Leeks Leeks
F00000600;Gourds Gourds Gourds Gourds
F00000601;TOOTSIE POPS TOOTSIE POPS TOOTSIE POPS TOOTSIE POPS
F00000602;Kava Kava Kava Kava Kava Kava Kava Kava
F00000603;FEATHER DUSTER OSTRICH FEATHER DUSTER OSTRICH FEATHER DUSTER OSTRICH FEATHER DUSTER OSTRICH
F00000604;ELBOWS WHOLE WHEAT ELBOWS WHOLE WHEAT ELBOWS WHOLE WHEAT ELBOWS WHOLE WHEAT
F00000605;Peppers Peppers Peppers Peppers
F00000606;BINS WATERMELON BINS WATERMELON BINS WATERMELON BINS WATERMELON
F00000607;Tomatillos Tomatillos Tomatillos Tomatillos
F00000608;Cinnamon Spice Cinnamon Spice Cinnamon Spice Cinnamon Spice
F00000609;PEAR HALVES PEAR HALVES PEAR HALVES PEAR HALVES
F00000610;Radishes Radishes Radishes Radishes
F00000611;SARDINES IN MUSTARD SARDINES IN MUSTARD SARDINES IN MUSTARD SARDINES IN MUSTARD
F00000612;BEEF JERKY ORIGINAL BEEF JERKY ORIGINAL BEEF JERKY ORIGINAL BEEF JERKY ORIGINAL
F00000613;SWEETENER NATRA TASTE SWEETENER NATRA TASTE SWEETENER NATRA TASTE SWEETENER NATRA TASTE
F00000614;BISCUITS CHAMPAGNE BISCUITS CHAMPAGNE BISCUITS CHAMPAGNE BISCUITS CHAMPAGNE
F00000615;Summer Squash Summer Squash Summer Squash Summer Squash
F00000616;COOKING WINE RED BURGUNDY COOKING WINE RED BURGUNDY COOKING WINE RED BURGUNDY COOKING WINE RED BURGUNDY
F00000617;WATER DASANI BTL WATER DASANI BTL WATER DASANI BTL WATER DASANI BTL
F00000618;Garlic Garlic Garlic Garlic
F00000619;TABLE BASE 4 PRONG TABLE BASE 4 PRONG TABLE BASE 4 PRONG TABLE BASE 4 PRONG
F00000620;GATORADE FRUIT PUNCH GATORADE FRUIT PUNCH GATORADE FRUIT PUNCH GATORADE FRUIT PUNCH
F00000621;LINER HVY 22X14X58 BLACK LINER HVY 22X14X58 BLACK LINER HVY 22X14X58 BLACK LINER HVY 22X14X58 BLACK
F00000622;SHARK LOIN MAKO SHARK LOIN MAKO SHARK LOIN MAKO SHARK LOIN MAKO
F00000623;Dreams Leave-In Protein Dreams Leave-In Protein Dreams Leave-In Protein Dreams Leave-In Protein
F00000624;Barley Grass Barley Grass Barley Grass Barley Grass
F00000625;Collards Collards Collards Collards
F00000626;DESSERT SLEEVES RED DESSERT SLEEVES RED DESSERT SLEEVES RED DESSERT SLEEVES RED
F00000627;Saw Palmetto Saw Palmetto Saw Palmetto Saw Palmetto
F00000628;Swiss Chard Swiss Chard Swiss Chard Swiss Chard
F00000629;COFFEE FILTER XLARGE COFFEE FILTER XLARGE COFFEE FILTER XLARGE COFFEE FILTER XLARGE
F00000630;SHARK LOIN MAKO SHARK LOIN MAKO SHARK LOIN MAKO SHARK LOIN MAKO
F00000631;Beets Beets Beets Beets
F00000632;Emu Oil Flex-A-Cure Emu Oil Flex-A-Cure Emu Oil Flex-A-Cure Emu Oil Flex-A-Cure
F00000633;Yellow Tomatoes Yellow Tomatoes Yellow Tomatoes Yellow Tomatoes
F00000634;Muscle Magic with Emu Oil Muscle Magic with Emu Oil Muscle Magic with Emu Oil Muscle Magic with Emu Oil
F00000635;SPAGHETTI WHOLE WHEAT SPAGHETTI WHOLE WHEAT SPAGHETTI WHOLE WHEAT SPAGHETTI WHOLE WHEAT
F00000636;Flowers Flowers Flowers Flowers
F00000637;RAISIN COOKIE FILLED RAISIN COOKIE FILLED RAISIN COOKIE FILLED RAISIN COOKIE FILLED
F00000638;MOUNTAIN DEW PRE-MIX MOUNTAIN DEW PRE-MIX MOUNTAIN DEW PRE-MIX MOUNTAIN DEW PRE-MIX
F00000639;HOTTLE LID HOTTLE LID HOTTLE LID HOTTLE LID
F00000640;MANDARIN ORANGES MANDARIN ORANGES MANDARIN ORANGES MANDARIN ORANGES
F00000641;LINER HVY 22X14X58 BLACK LINER HVY 22X14X58 BLACK LINER HVY 22X14X58 BLACK LINER HVY 22X14X58 BLACK
F00000642;Summer Squash Summer Squash Summer Squash Summer Squash
F00000643;My Helping Heart My Helping Heart My Helping Heart My Helping Heart
F00000644;Cayenne Plus Cayenne Plus Cayenne Plus Cayenne Plus
F00000645;BAGS FOODSAVER 6-PACK BAGS FOODSAVER 6-PACK BAGS FOODSAVER 6-PACK BAGS FOODSAVER 6-PACK
F00000646;Bayberry Bayberry Bayberry Bayberry
F00000647;TEA NESTEA TEA NESTEA TEA NESTEA TEA NESTEA
F00000648;Lima Beans Lima Beans Lima Beans Lima Beans
F00000649;Posters Posters Posters Posters
F00000650;Flowers Flowers Flowers Flowers
F00000651;Elephant Garlic Elephant Garlic Elephant Garlic Elephant Garlic
F00000652;Snap Peas Snap Peas Snap Peas Snap Peas
F00000653;BINS WATERMELON BINS WATERMELON BINS WATERMELON BINS WATERMELON
F00000654;Books Books Books Books
F00000655;Okra Okra Okra Okra
F00000656;SWEATER GREEN SMALL SWEATER GREEN SMALL SWEATER GREEN SMALL SWEATER GREEN SMALL
F00000657;COFFEE FILTER LARGE COFFEE FILTER LARGE COFFEE FILTER LARGE COFFEE FILTER LARGE
F00000658;SWEETENER NATRA TASTE SWEETENER NATRA TASTE SWEETENER NATRA TASTE SWEETENER NATRA TASTE
F00000659;Herbal Detox Program Herbal Detox Program Herbal Detox Program Herbal Detox Program
F00000660;JUICE GRAPEFRUIT JUICE GRAPEFRUIT JUICE GRAPEFRUIT JUICE GRAPEFRUIT
F00000661;FUEL HANDY GEL FUEL HANDY GEL FUEL HANDY GEL FUEL HANDY GEL
F00000662;Damiana Damiana Damiana Damiana
F00000663;ELEPHANT GARLIC ELEPHANT GARLIC ELEPHANT GARLIC ELEPHANT GARLIC
F00000664;APPLE GRANNY SMITH APPLE GRANNY SMITH APPLE GRANNY SMITH APPLE GRANNY SMITH
F00000665;CLAMS MINCED GORTON CLAMS MINCED GORTON CLAMS MINCED GORTON CLAMS MINCED GORTON
F00000666;CUT OUT FOOD DECO CUT OUT FOOD DECO CUT OUT FOOD DECO CUT OUT FOOD DECO
F00000667;JERKY BEEF TERIKAKI JERKY BEEF TERIKAKI JERKY BEEF TERIKAKI JERKY BEEF TERIKAKI
F00000668;Muskmelon/Cantaloupe Muskmelon/Cantaloupe Muskmelon/Cantaloupe Muskmelon/Cantaloupe
F00000669;Spice Peppers Spice Peppers Spice Peppers Spice Peppers
F00000670;Evening Primrose Oil Evening Primrose Oil Evening Primrose Oil Evening Primrose Oil
F00000671;Almond Oil Almond Oil Almond Oil Almond Oil
F00000672;Speciality Beans Speciality Beans Speciality Beans Speciality Beans
F00000673;COFFEE FILTER LARGE COFFEE FILTER LARGE COFFEE FILTER LARGE COFFEE FILTER LARGE
F00000674;Pop Corn Pop Corn Pop Corn Pop Corn
F00000675;Kale Kale Kale Kale
F00000676;COFFEE FILTER NR2 COFFEE FILTER NR2 COFFEE FILTER NR2 COFFEE FILTER NR2
F00000677;Hawthorn Berry Hawthorn Berry Hawthorn Berry Hawthorn Berry
F00000678;Muscle Magic with Emu Oil Muscle Magic with Emu Oil Muscle Magic with Emu Oil Muscle Magic with Emu Oil
F00000679;Chasteberry Tea Chasteberry Tea Chasteberry Tea Chasteberry Tea
F00000680;DESSERT SLEEVES GREEN DESSERT SLEEVES GREEN DESSERT SLEEVES GREEN DESSERT SLEEVES GREEN
F00000681;GATORADE GLACIER ICE GATORADE GLACIER ICE GATORADE GLACIER ICE GATORADE GLACIER ICE
F00000682;CANNOLI SHELLS CANNOLI SHELLS CANNOLI SHELLS CANNOLI SHELLS
F00000683;SALSA RED PEPPER SALSA RED PEPPER SALSA RED PEPPER SALSA RED PEPPER
F00000684;Kohlrabi Kohlrabi Kohlrabi Kohlrabi
F00000685;Evening Primrose Oil Evening Primrose Oil Evening Primrose Oil Evening Primrose Oil
F00000686;TEA DECAF APRICOT TEA DECAF APRICOT TEA DECAF APRICOT TEA DECAF APRICOT
F00000687;BANQUET RL WHITE BANQUET RL WHITE BANQUET RL WHITE BANQUET RL WHITE
F00000688;Squash Squash Squash Squash
F00000689;Peas Peas Peas Peas
F00000690;PEPSI PRE-MIX PEPSI PRE-MIX PEPSI PRE-MIX PEPSI PRE-MIX
F00000691;SLICE ORANGE POST MIX SLICE ORANGE POST MIX SLICE ORANGE POST MIX SLICE ORANGE POST MIX
F00000692;FUEL HANDY GEL FUEL HANDY GEL FUEL HANDY GEL FUEL HANDY GEL
F00000693;HOTTLE LID HOTTLE LID HOTTLE LID HOTTLE LID
F00000694;Sweet Non-Bell Peppers Sweet Non-Bell Peppers Sweet Non-Bell Peppers Sweet Non-Bell Peppers
F00000695;ARTICHOKE HEARTS ARTICHOKE HEARTS ARTICHOKE HEARTS ARTICHOKE HEARTS
F00000696;GATORADE ORANGE GATORADE ORANGE GATORADE ORANGE GATORADE ORANGE
F00000697;CANNOLI SHELLS CANNOLI SHELLS CANNOLI SHELLS CANNOLI SHELLS
F00000698;Cucumbers Cucumbers Cucumbers Cucumbers
F00000699;GREEN LENTILS GREEN LENTILS GREEN LENTILS GREEN LENTILS
F00000700;ANCHOVY FILLETS IN OIL ANCHOVY FILLETS IN OIL ANCHOVY FILLETS IN OIL ANCHOVY FILLETS IN OIL
F00000701;Lemon Oil Lemon Oil Lemon Oil Lemon Oil
F00000702;Winter Squash Winter Squash Winter Squash Winter Squash
F00000703;Rosemary Rosemary Rosemary Rosemary
F00000704;COFFEE FILTER NR3 COFFEE FILTER NR3 COFFEE FILTER NR3 COFFEE FILTER NR3
F00000705;Winter Squash Winter Squash Winter Squash Winter Squash
F00000706;GATORADE GLACIER ICE GATORADE GLACIER ICE GATORADE GLACIER ICE GATORADE GLACIER ICE
F00000707;Tanning Accelerator Tanning Accelerator Tanning Accelerator Tanning Accelerator
F00000708;Goto Kola Goto Kola Goto Kola Goto Kola
F00000709;Snap Pole Beans Snap Pole Beans Snap Pole Beans Snap Pole Beans
F00000710;Premier Bath Pak Premier Bath Pak Premier Bath Pak Premier Bath Pak
F00000711;Licorice Root Licorice Root Licorice Root Licorice Root
F00000712;OLIVE MIST COATING OLIVE MIST COATING OLIVE MIST COATING OLIVE MIST COATING
F00000713;APPLE GRANNY SMITH APPLE GRANNY SMITH APPLE GRANNY SMITH APPLE GRANNY SMITH
F00000714;Garlic Garlic Garlic Garlic
F00000715;SOUP CR CHICKEN SOUP CR CHICKEN SOUP CR CHICKEN SOUP CR CHICKEN
F00000716;OLIVES STFD W/ANCHOVIE OLIVES STFD W/ANCHOVIE OLIVES STFD W/ANCHOVIE OLIVES STFD W/ANCHOVIE
F00000717;TEA GREEN BAGS BOX TEA GREEN BAGS BOX TEA GREEN BAGS BOX TEA GREEN BAGS BOX
F00000718;Cotton Cotton Cotton Cotton
F00000719;COFFEE FILTER NR3 COFFEE FILTER NR3 COFFEE FILTER NR3 COFFEE FILTER NR3
F00000720;Apple Cider Vinegar Apple Cider Vinegar Apple Cider Vinegar Apple Cider Vinegar
F00000721;Lettuce Lettuce Lettuce Lettuce
F00000722;SNAPPER RED SNAPPER RED SNAPPER RED SNAPPER RED
F00000723;Super Herb Diet Formula Super Herb Diet Formula Super Herb Diet Formula Super Herb Diet Formula
F00000724;Glucosamine Sulfate Glucosamine Sulfate Glucosamine Sulfate Glucosamine Sulfate
F00000725;Ginseng Ginseng Ginseng Ginseng
F00000726;Emu Massage Cream Emu Massage Cream Emu Massage Cream Emu Massage Cream
F00000727;Bright Eye Blend Bright Eye Blend Bright Eye Blend Bright Eye Blend
F00000728;STEEL SPONGE STEEL SPONGE STEEL SPONGE STEEL SPONGE
F00000729;Gourds Gourds Gourds Gourds
F00000730;Speciality Beans Speciality Beans Speciality Beans Speciality Beans
F00000731;PUDDING VANILLA DEAN PUDDING VANILLA DEAN PUDDING VANILLA DEAN PUDDING VANILLA DEAN
F00000732;RAINBOW TROUT RAINBOW TROUT RAINBOW TROUT RAINBOW TROUT
F00000733;Collards Collards Collards Collards
F00000734;BEANS BLACK BEANS BLACK BEANS BLACK BEANS BLACK
F00000735;Flower Bulbs Flower Bulbs Flower Bulbs Flower Bulbs
F00000736;SWEATER BLUE LARGE SWEATER BLUE LARGE SWEATER BLUE LARGE SWEATER BLUE LARGE
F00000737;Apple Cider Vinegar Apple Cider Vinegar Apple Cider Vinegar Apple Cider Vinegar
F00000738;Blue-Green Algae Blue-Green Algae Blue-Green Algae Blue-Green Algae
F00000739;Feverfew Feverfew Feverfew Feverfew
F00000740;BAG PASTRY BAG PASTRY BAG PASTRY BAG PASTRY
F00000741;GATORADE ORANGE GATORADE ORANGE GATORADE ORANGE GATORADE ORANGE
F00000742;Softneck (Braidable) Garlic Softneck (Braidable) Garlic Softneck (Braidable) Garlic Softneck (Braidable) Garlic
F00000743;GATORADE FRUIT PUNCH GATORADE FRUIT PUNCH GATORADE FRUIT PUNCH GATORADE FRUIT PUNCH
F00000744;Mustard Mustard Mustard Mustard
F00000745;TABLE BASE 4 PRONG TABLE BASE 4 PRONG TABLE BASE 4 PRONG TABLE BASE 4 PRONG
F00000746;HAMBURG DILL CHIPS HAMBURG DILL CHIPS HAMBURG DILL CHIPS HAMBURG DILL CHIPS
F00000747;Muscle Magic with Emu Oil Muscle Magic with Emu Oil Muscle Magic with Emu Oil Muscle Magic with Emu Oil
F00000748;Muscle Magic with Emu Oil Muscle Magic with Emu Oil Muscle Magic with Emu Oil Muscle Magic with Emu Oil
F00000749;Emu Oil Body Cooler Emu Oil Body Cooler Emu Oil Body Cooler Emu Oil Body Cooler
F00000750;BELLS WEDDING CREPE BELLS WEDDING CREPE BELLS WEDDING CREPE BELLS WEDDING CREPE
F00000751;BAGS PRECUT BAGS PRECUT BAGS PRECUT BAGS PRECUT
F00000752;Eucamint Eucamint Eucamint Eucamint
F00000753;BAGS FOODSAVER 6-PACK BAGS FOODSAVER 6-PACK BAGS FOODSAVER 6-PACK BAGS FOODSAVER 6-PACK
F00000754;SLICE ORANGE POST MIX SLICE ORANGE POST MIX SLICE ORANGE POST MIX SLICE ORANGE POST MIX
F00000755;Snap Pole Beans Snap Pole Beans Snap Pole Beans Snap Pole Beans
F00000756;SARDINES HOT SCE SARDINES HOT SCE SARDINES HOT SCE SARDINES HOT SCE
F00000757;St. John's Wort St. John's Wort St. John's Wort St. John's Wort
F00000758;Liquid Gold Styling Glaze Liquid Gold Styling Glaze Liquid Gold Styling Glaze Liquid Gold Styling Glaze
F00000759;TEA NESTEA TEA NESTEA TEA NESTEA TEA NESTEA
F00000760;COFFEE FILTER XLARGE COFFEE FILTER XLARGE COFFEE FILTER XLARGE COFFEE FILTER XLARGE
F00000761;SKEWERS WOODEN SKEWERS WOODEN SKEWERS WOODEN SKEWERS WOODEN
F00000762;BUTCHER PAPER WHITE BUTCHER PAPER WHITE BUTCHER PAPER WHITE BUTCHER PAPER WHITE
F00000763;Dry Blub Onions Dry Blub Onions Dry Blub Onions Dry Blub Onions
F00000764;Shell Peas Shell Peas Shell Peas Shell Peas
F00000765;Peppermint Leaf Peppermint Leaf Peppermint Leaf Peppermint Leaf
F00000766;Bilberry Bilberry Bilberry Bilberry
F00000767;SALSA RED PEPPER SALSA RED PEPPER SALSA RED PEPPER SALSA RED PEPPER
F00000768;Bee Pollen Bee Pollen Bee Pollen Bee Pollen
F00000769;Hot Peppers Hot Peppers Hot Peppers Hot Peppers
F00000770;Barley Grass Barley Grass Barley Grass Barley Grass
F00000771;Hot Peppers Hot Peppers Hot Peppers Hot Peppers
F00000772;Peas Peas Peas Peas
F00000773;Everlasting Flowers Everlasting Flowers Everlasting Flowers Everlasting Flowers
F00000774;Salsify Salsify Salsify Salsify
F00000775;JERKY BEEF TERIKAKI JERKY BEEF TERIKAKI JERKY BEEF TERIKAKI JERKY BEEF TERIKAKI
F00000776;COFFEE FILTER NR3 COFFEE FILTER NR3 COFFEE FILTER NR3 COFFEE FILTER NR3
F00000777;Spinach Spinach Spinach Spinach
F00000778;SARDINES HOT SCE SARDINES HOT SCE SARDINES HOT SCE SARDINES HOT SCE
F00000779;Liquid Gold Styling Glaze Liquid Gold Styling Glaze Liquid Gold Styling Glaze Liquid Gold Styling Glaze
F00000780;Snow Peas Snow Peas Snow Peas Snow Peas
F00000781;Broccoli Broccoli Broccoli Broccoli
F00000782;Pink Tomatoes Pink Tomatoes Pink Tomatoes Pink Tomatoes
F00000783;Acidophilus Acidophilus Acidophilus Acidophilus
F00000784;Dreams Leave-In Protein Dreams Leave-In Protein Dreams Leave-In Protein Dreams Leave-In Protein
F00000785;CANNOLI SHELLS CANNOLI SHELLS CANNOLI SHELLS CANNOLI SHELLS
F00000786;Pink Tomatoes Pink Tomatoes Pink Tomatoes Pink Tomatoes
F00000787;SANITIZER STERA SHEEN SANITIZER STERA SHEEN SANITIZER STERA SHEEN SANITIZER STERA SHEEN
F00000788;GATORADE FRUIT PUNCH GATORADE FRUIT PUNCH GATORADE FRUIT PUNCH GATORADE FRUIT PUNCH
F00000789;Super Herb Diet Formula Super Herb Diet Formula Super Herb Diet Formula Super Herb Diet Formula
F00000790;Elephant Garlic Elephant Garlic Elephant Garlic Elephant Garlic
F00000791;Glucosamine Sulfate Glucosamine Sulfate Glucosamine Sulfate Glucosamine Sulfate
F00000792;Grapeseed Oil Grapeseed Oil Grapeseed Oil Grapeseed Oil
F00000793;CHIP DISH SHELL CHIP DISH SHELL CHIP DISH SHELL CHIP DISH SHELL
F00000794;DOOR TYPE 2 WHITE XLARGE DOOR TYPE 2 WHITE XLARGE DOOR TYPE 2 WHITE XLARGE DOOR TYPE 2 WHITE XLARGE
F00000795;Premier Bath Pak Premier Bath Pak Premier Bath Pak Premier Bath Pak
F00000796;SOUP VEGETABLE SOUP VEGETABLE SOUP VEGETABLE SOUP VEGETABLE
F00000797;CHERRIES  BRANDY/BOOT CHERRIES  BRANDY/BOOT CHERRIES  BRANDY/BOOT CHERRIES  BRANDY/BOOT
F00000798;Echinacea Echinacea Echinacea Echinacea
F00000799;PEACHES SLICED PEACHES SLICED PEACHES SLICED PEACHES SLICED
F00000800;Dreams Re-Conditioner Dreams Re-Conditioner Dreams Re-Conditioner Dreams Re-Conditioner
F00000801;Kava Kava Kava Kava Kava Kava Kava Kava
F00000802;Gingko Plus 4 Gingko Plus 4 Gingko Plus 4 Gingko Plus 4
F00000803;Chromium Picolinate Chromium Picolinate Chromium Picolinate Chromium Picolinate
F00000804;Premier Bath Pak Premier Bath Pak Premier Bath Pak Premier Bath Pak
F00000805;Beans Beans Beans Beans
F00000806;LINER CAKE LINER CAKE LINER CAKE LINER CAKE
F00000807;Southern/Cow Peas Southern/Cow Peas Southern/Cow Peas Southern/Cow Peas
F00000808;GRIDDLE POLISH PAD GRIDDLE POLISH PAD GRIDDLE POLISH PAD GRIDDLE POLISH PAD
F00000809;Package Deals Package Deals Package Deals Package Deals
F00000810;Dreams Re-Conditioner Dreams Re-Conditioner Dreams Re-Conditioner Dreams Re-Conditioner
F00000811;ELBOWS WHOLE WHEAT ELBOWS WHOLE WHEAT ELBOWS WHOLE WHEAT ELBOWS WHOLE WHEAT
F00000812;Mustard Mustard Mustard Mustard
F00000813;Chinese Cabbage Chinese Cabbage Chinese Cabbage Chinese Cabbage
F00000814;Everlasting Flowers Everlasting Flowers Everlasting Flowers Everlasting Flowers
F00000815;Winter Squash Winter Squash Winter Squash Winter Squash
F00000816;Emu Body Lotion Emu Body Lotion Emu Body Lotion Emu Body Lotion
F00000817;OLIVES STFD W/ANCHOVIE OLIVES STFD W/ANCHOVIE OLIVES STFD W/ANCHOVIE OLIVES STFD W/ANCHOVIE
F00000818;Corn Corn Corn Corn
F00000819;LA VIE NICESKISES LA VIE NICESKISES LA VIE NICESKISES LA VIE NICESKISES
F00000820;BAG PASTRY BAG PASTRY BAG PASTRY BAG PASTRY
F00000821;Gingko Plus 4 Gingko Plus 4 Gingko Plus 4 Gingko Plus 4
F00000822;COATING CANDY APPLE COATING CANDY APPLE COATING CANDY APPLE COATING CANDY APPLE
F00000823;TABLE BASE 4 PRONG TABLE BASE 4 PRONG TABLE BASE 4 PRONG TABLE BASE 4 PRONG
F00000824;Milk Thistle Milk Thistle Milk Thistle Milk Thistle
F00000825;Carrots Carrots Carrots Carrots
F00000826;Garlic Garlic Garlic Garlic
F00000827;HEALTHY CHOICE PASTA HEALTHY CHOICE PASTA HEALTHY CHOICE PASTA HEALTHY CHOICE PASTA
F00000828;Kohlrabi Kohlrabi Kohlrabi Kohlrabi
F00000829;SAMSUNG RADIO TYPRSO18 SAMSUNG RADIO TYPRSO18 SAMSUNG RADIO TYPRSO18 SAMSUNG RADIO TYPRSO18
F00000830;PEAR HALVES PEAR HALVES PEAR HALVES PEAR HALVES
F00000831;Dong Quai Dong Quai Dong Quai Dong Quai
F00000832;APPLE GRANNY SMITH APPLE GRANNY SMITH APPLE GRANNY SMITH APPLE GRANNY SMITH
F00000833;Citrin Citrin Citrin Citrin
F00000834;COFFEE FILTER NR2 COFFEE FILTER NR2 COFFEE FILTER NR2 COFFEE FILTER NR2
F00000835;BAGS TWIN PACK BAGS TWIN PACK BAGS TWIN PACK BAGS TWIN PACK
F00000836;Coenzyme Q-10 Coenzyme Q-10 Coenzyme Q-10 Coenzyme Q-10
F00000837;Cabbage Cabbage Cabbage Cabbage
F00000838;Swiss Chard Swiss Chard Swiss Chard Swiss Chard
F00000839;Spice Peppers Spice Peppers Spice Peppers Spice Peppers
F00000840;TEA NESTEA TEA NESTEA TEA NESTEA TEA NESTEA
F00000841;Ground Cherries Ground Cherries Ground Cherries Ground Cherries
F00000842;DRIED MUSHROOMS DRIED MUSHROOMS DRIED MUSHROOMS DRIED MUSHROOMS
F00000843;Hair Glow Hair Glow Hair Glow Hair Glow
F00000844;Carrots Carrots Carrots Carrots
F00000845;Love Tea Love Tea Love Tea Love Tea
F00000846;MAP RED XLARGE MAP RED XLARGE MAP RED XLARGE MAP RED XLARGE
F00000847;Goldenseal Goldenseal Goldenseal Goldenseal
F00000848;OLIVES STFD QN STAR OLIVES STFD QN STAR OLIVES STFD QN STAR OLIVES STFD QN STAR
F00000849;Herbal Detox Program Herbal Detox Program Herbal Detox Program Herbal Detox Program
F00000850;Muscle Magic with Emu Oil Muscle Magic with Emu Oil Muscle Magic with Emu Oil Muscle Magic with Emu Oil
F00000851;Bayberry Bayberry Bayberry Bayberry
F00000852;GATORADE ORANGE GATORADE ORANGE GATORADE ORANGE GATORADE ORANGE
F00000853;BAGS PRECUT BAGS PRECUT BAGS PRECUT BAGS PRECUT
F00000854;SANITIZER PK SANISURE SANITIZER PK SANISURE SANITIZER PK SANISURE SANITIZER PK SANISURE
F00000855;Shell Peas Shell Peas Shell Peas Shell Peas
F00000856;Bee Pollen Bee Pollen Bee Pollen Bee Pollen
F00000857;Healthy Heart Healthy Heart Healthy Heart Healthy Heart
F00000858;Eucalyptus Oil Eucalyptus Oil Eucalyptus Oil Eucalyptus Oil
F00000859;Chamomile Tea Chamomile Tea Chamomile Tea Chamomile Tea
F00000860;Southern/Cow Peas Southern/Cow Peas Southern/Cow Peas Southern/Cow Peas
F00000861;Pycnogenol Pycnogenol Pycnogenol Pycnogenol
F00000862;Snap Peas Snap Peas Snap Peas Snap Peas
F00000863;OLIVES STFD W/ANCHOVIE OLIVES STFD W/ANCHOVIE OLIVES STFD W/ANCHOVIE OLIVES STFD W/ANCHOVIE
F00000864;ORANGES MANDARIN ORANGES MANDARIN ORANGES MANDARIN ORANGES MANDARIN
F00000865;Cucumbers Cucumbers Cucumbers Cucumbers
F00000866;DRIED MUSHROOMS DRIED MUSHROOMS DRIED MUSHROOMS DRIED MUSHROOMS
F00000867;ORANGES MANDARIN ORANGES MANDARIN ORANGES MANDARIN ORANGES MANDARIN
F00000868;Glucosamine Sulfate Glucosamine Sulfate Glucosamine Sulfate Glucosamine Sulfate
F00000869;Onions Onions Onions Onions
F00000870;Lavender Oil Lavender Oil Lavender Oil Lavender Oil
F00000871;Salsify Salsify Salsify Salsify
F00000872;Speciality Beans Speciality Beans Speciality Beans Speciality Beans
F00000873;Metabo Right Metabo Right Metabo Right Metabo Right
F00000874;COOKING WINE RED BURGUNDY COOKING WINE RED BURGUNDY COOKING WINE RED BURGUNDY COOKING WINE RED BURGUNDY
F00000875;TOPPING KRUNCH KOTE TOPPING KRUNCH KOTE TOPPING KRUNCH KOTE TOPPING KRUNCH KOTE
F00000876;Milk Thistle Milk Thistle Milk Thistle Milk Thistle
F00000877;Bayberry Bayberry Bayberry Bayberry
F00000878;Herbal Detox Program Herbal Detox Program Herbal Detox Program Herbal Detox Program
F00000879;JUICE LEMON 4GR JUICE LEMON 4GR JUICE LEMON 4GR JUICE LEMON 4GR
F00000880;BELLS WEDDING CREPE BELLS WEDDING CREPE BELLS WEDDING CREPE BELLS WEDDING CREPE
F00000881;PEPSI PRE-MIX PEPSI PRE-MIX PEPSI PRE-MIX PEPSI PRE-MIX
F00000882;BISCUITS CHAMPAGNE BISCUITS CHAMPAGNE BISCUITS CHAMPAGNE BISCUITS CHAMPAGNE
F00000883;Peppers Peppers Peppers Peppers
F00000884;Open-Pollinated Sweet Corn Open-Pollinated Sweet Corn Open-Pollinated Sweet Corn Open-Pollinated Sweet Corn
F00000885;HAM HOCKS HAM HOCKS HAM HOCKS HAM HOCKS
F00000886;GREEN LENTILS GREEN LENTILS GREEN LENTILS GREEN LENTILS
F00000887;BUTCHER PAPER WHITE BUTCHER PAPER WHITE BUTCHER PAPER WHITE BUTCHER PAPER WHITE
F00000888;PEAR HALVES PEAR HALVES PEAR HALVES PEAR HALVES
F00000889;Pumpkins Pumpkins Pumpkins Pumpkins
F00000890;Aloe Vera Aloe Vera Aloe Vera Aloe Vera
F00000891;Coenzyme (CoQ-10) Coenzyme (CoQ-10) Coenzyme (CoQ-10) Coenzyme (CoQ-10)
F00000892;TABLE BLUE SMALL TABLE BLUE SMALL TABLE BLUE SMALL TABLE BLUE SMALL
F00000893;BISCUITS CHAMPAGNE BISCUITS CHAMPAGNE BISCUITS CHAMPAGNE BISCUITS CHAMPAGNE
F00000894;Pink Tomatoes Pink Tomatoes Pink Tomatoes Pink Tomatoes
F00000895;BROWN WRAP BROWN WRAP BROWN WRAP BROWN WRAP
F00000896;TABLECOVER CLOSEOUT TABLECOVER CLOSEOUT TABLECOVER CLOSEOUT TABLECOVER CLOSEOUT
F00000897;BAGS FOODSAVER 6-PACK BAGS FOODSAVER 6-PACK BAGS FOODSAVER 6-PACK BAGS FOODSAVER 6-PACK
F00000898;Tanning Accelerator Tanning Accelerator Tanning Accelerator Tanning Accelerator
F00000899;Peanuts Peanuts Peanuts Peanuts
F00000900;PERRIER WATER PERRIER WATER PERRIER WATER PERRIER WATER
F00000901;Bi-Color Tomatoes Bi-Color Tomatoes Bi-Color Tomatoes Bi-Color Tomatoes
F00000902;Currant Tomatoes Currant Tomatoes Currant Tomatoes Currant Tomatoes
F00000903;BEVNAPS ROYAL BLUE BEVNAPS ROYAL BLUE BEVNAPS ROYAL BLUE BEVNAPS ROYAL BLUE
F00000904;Saw Palmetto Saw Palmetto Saw Palmetto Saw Palmetto
F00000905;Peppermint Leaf Peppermint Leaf Peppermint Leaf Peppermint Leaf
F00000906;SHARK LOIN MAKO SHARK LOIN MAKO SHARK LOIN MAKO SHARK LOIN MAKO
F00000907;Everlasting Flowers Everlasting Flowers Everlasting Flowers Everlasting Flowers
F00000908;Damiana Damiana Damiana Damiana
F00000909;SHARK LOIN MAKO SHARK LOIN MAKO SHARK LOIN MAKO SHARK LOIN MAKO
F00000910;Barley Grass Barley Grass Barley Grass Barley Grass
F00000911;TABLECOVER CLOSEOUT TABLECOVER CLOSEOUT TABLECOVER CLOSEOUT TABLECOVER CLOSEOUT
F00000912;HEINZ TARRAGON VINEGAR HEINZ TARRAGON VINEGAR HEINZ TARRAGON VINEGAR HEINZ TARRAGON VINEGAR
F00000913;Storage Tomatoes Storage Tomatoes Storage Tomatoes Storage Tomatoes
F00000914;Pycnogenol Pycnogenol Pycnogenol Pycnogenol
F00000915;Parsley Parsley Parsley Parsley
F00000916;BAG COTTON CANDY PRINTED  CLOWN BAG COTTON CANDY PRINTED  CLOWN BAG COTTON CANDY PRINTED  CLOWN BAG COTTON CANDY PRINTED  CLOWN
F00000917;Hot Peppers Hot Peppers Hot Peppers Hot Peppers
F00000918;Lima Beans Lima Beans Lima Beans Lima Beans
F00000919;Cat's Claw Cat's Claw Cat's Claw Cat's Claw
F00000920;Ground Cherries Ground Cherries Ground Cherries Ground Cherries
F00000921;Canning Tomatoes Canning Tomatoes Canning Tomatoes Canning Tomatoes
F00000922;Summer Squash Summer Squash Summer Squash Summer Squash
F00000923;OIL OLIVE X VIR APULIAN OIL OLIVE X VIR APULIAN OIL OLIVE X VIR APULIAN OIL OLIVE X VIR APULIAN
F00000924;TEA GREEN BAGS BOX TEA GREEN BAGS BOX TEA GREEN BAGS BOX TEA GREEN BAGS BOX
F00000925;BOX BLUE SMALL BOX BLUE SMALL BOX BLUE SMALL BOX BLUE SMALL
F00000926;Beans Beans Beans Beans
F00000927;Chromium Picolinate Chromium Picolinate Chromium Picolinate Chromium Picolinate
F00000928;Cotton Cotton Cotton Cotton
F00000929;SARDINES ITALIAN SARDINES ITALIAN SARDINES ITALIAN SARDINES ITALIAN
F00000930;Dreams Leave-In Protein Dreams Leave-In Protein Dreams Leave-In Protein Dreams Leave-In Protein
F00000931;Feverfew Feverfew Feverfew Feverfew
F00000932;BISCUITS CHAMPAGNE BISCUITS CHAMPAGNE BISCUITS CHAMPAGNE BISCUITS CHAMPAGNE
F00000933;St. John's Wort St. John's Wort St. John's Wort St. John's Wort
F00000934;SARDINES HOT SCE SARDINES HOT SCE SARDINES HOT SCE SARDINES HOT SCE
F00000935;Purple Tomatoes Purple Tomatoes Purple Tomatoes Purple Tomatoes
F00000936;RAINBOW TROUT RAINBOW TROUT RAINBOW TROUT RAINBOW TROUT
F00000937;Lemon Oil Lemon Oil Lemon Oil Lemon Oil
F00000938;Cayenne Plus Cayenne Plus Cayenne Plus Cayenne Plus
F00000939;Premier Bath Pak Premier Bath Pak Premier Bath Pak Premier Bath Pak
F00000940;ELBOW MACARONI ELBOW MACARONI ELBOW MACARONI ELBOW MACARONI
F00000941;HAMBURG DILL CHIPS HAMBURG DILL CHIPS HAMBURG DILL CHIPS HAMBURG DILL CHIPS
F00000942;TABLE WHITE XLARGE TABLE WHITE XLARGE TABLE WHITE XLARGE TABLE WHITE XLARGE
F00000943;Summer Squash Summer Squash Summer Squash Summer Squash
F00000944;Kohlrabi Kohlrabi Kohlrabi Kohlrabi
F00000945;Dong Quai Dong Quai Dong Quai Dong Quai
F00000946;Lettuce Lettuce Lettuce Lettuce
F00000947;CANNOLI SHELLS CANNOLI SHELLS CANNOLI SHELLS CANNOLI SHELLS
F00000948;SANITIZER STERA SHEEN SANITIZER STERA SHEEN SANITIZER STERA SHEEN SANITIZER STERA SHEEN
F00000949;Beets Beets Beets Beets
F00000950;Snow Peas Snow Peas Snow Peas Snow Peas
F00000951;TOOTSIE POPS TOOTSIE POPS TOOTSIE POPS TOOTSIE POPS
F00000952;HEINZ TARRAGON VINEGAR HEINZ TARRAGON VINEGAR HEINZ TARRAGON VINEGAR HEINZ TARRAGON VINEGAR
F00000953;PEACHES SLICED PEACHES SLICED PEACHES SLICED PEACHES SLICED
F00000954;Dong Quai Dong Quai Dong Quai Dong Quai
F00000955;Gourds Gourds Gourds Gourds
F00000956;TEA DECAF APRICOT TEA DECAF APRICOT TEA DECAF APRICOT TEA DECAF APRICOT
F00000957;My Helping Heart My Helping Heart My Helping Heart My Helping Heart
F00000958;BEEF JERKY ORIGINAL BEEF JERKY ORIGINAL BEEF JERKY ORIGINAL BEEF JERKY ORIGINAL
F00000959;Bilberry Bilberry Bilberry Bilberry
F00000960;Books Books Books Books
F00000961;JERKY BEEF TERIKAKI JERKY BEEF TERIKAKI JERKY BEEF TERIKAKI JERKY BEEF TERIKAKI
F00000962;Mustard Mustard Mustard Mustard
F00000963;GATORADE GLACIER ICE GATORADE GLACIER ICE GATORADE GLACIER ICE GATORADE GLACIER ICE
F00000964;Sweet Peppers Sweet Peppers Sweet Peppers Sweet Peppers
F00000965;Citrin Citrin Citrin Citrin
F00000966;SARDINES HOT SCE SARDINES HOT SCE SARDINES HOT SCE SARDINES HOT SCE
F00000967;Rosemary Rosemary Rosemary Rosemary
F00000968;Saw Palmetto Saw Palmetto Saw Palmetto Saw Palmetto
F00000969;Emu Bath & Shower Gel Emu Bath & Shower Gel Emu Bath & Shower Gel Emu Bath & Shower Gel
F00000970;Garlic Garlic Garlic Garlic
F00000971;Cayenne Cayenne Cayenne Cayenne
F00000972;TABLE WHITE XLARGE TABLE WHITE XLARGE TABLE WHITE XLARGE TABLE WHITE XLARGE
F00000973;Rosemary Rosemary Rosemary Rosemary
F00000974;Canning Tomatoes Canning Tomatoes Canning Tomatoes Canning Tomatoes
F00000975;STEEL SPONGE STEEL SPONGE STEEL SPONGE STEEL SPONGE
F00000976;Cabbage Cabbage Cabbage Cabbage
F00000977;Bi-Color Tomatoes Bi-Color Tomatoes Bi-Color Tomatoes Bi-Color Tomatoes
F00000978;Small Fruited/Cherry Tomatoes Small Fruited/Cherry Tomatoes Small Fruited/Cherry Tomatoes Small Fruited/Cherry Tomatoes
F00000979;Acidophilus Acidophilus Acidophilus Acidophilus
F00000980;TEA NESTEA TEA NESTEA TEA NESTEA TEA NESTEA
F00000981;RAINBOW TROUT RAINBOW TROUT RAINBOW TROUT RAINBOW TROUT
F00000982;BEANS BLACK BEANS BLACK BEANS BLACK BEANS BLACK
F00000983;TOPPING KRUNCH KOTE TOPPING KRUNCH KOTE TOPPING KRUNCH KOTE TOPPING KRUNCH KOTE
F00000984;COFFEE FILTER NR4 COFFEE FILTER NR4 COFFEE FILTER NR4 COFFEE FILTER NR4
F00000985;PEPPERS RED DRY STRING PEPPERS RED DRY STRING PEPPERS RED DRY STRING PEPPERS RED DRY STRING
F00000986;Gingko Plus 4 Gingko Plus 4 Gingko Plus 4 Gingko Plus 4
F00000987;GATORADE LEMON LIME GATORADE LEMON LIME GATORADE LEMON LIME GATORADE LEMON LIME
F00000988;CHERRIES  BRANDY/BOOT CHERRIES  BRANDY/BOOT CHERRIES  BRANDY/BOOT CHERRIES  BRANDY/BOOT
F00000989;TABLECOVER CLOSEOUT TABLECOVER CLOSEOUT TABLECOVER CLOSEOUT TABLECOVER CLOSEOUT
F00000990;HAM HOCKS HAM HOCKS HAM HOCKS HAM HOCKS
F00000991;Emu Body Lotion Emu Body Lotion Emu Body Lotion Emu Body Lotion
F00000992;Carrots Carrots Carrots Carrots
F00000993;Shell Peas Shell Peas Shell Peas Shell Peas
F00000994;Squash Squash Squash Squash
F00000995;CANNOLI SHELLS CANNOLI SHELLS CANNOLI SHELLS CANNOLI SHELLS
F00000996;Yellow Tomatoes Yellow Tomatoes Yellow Tomatoes Yellow Tomatoes
F00000997;APRICOT FILLED COOKIE APRICOT FILLED COOKIE APRICOT FILLED COOKIE APRICOT FILLED COOKIE
F00000998;GRID CLAMP GRID CLAMP GRID CLAMP GRID CLAMP
F00000999;VANILLA BUTTERNUT VANILLA BUTTERNUT VANILLA BUTTERNUT VANILLA BUTTERNUT
F00001000;METAL SIDE CHAIR BLACK METAL SIDE CHAIR BLACK METAL SIDE CHAIR BLACK METAL SIDE CHAIR BLACK
